datetime,temp,hum,rad,wd,ws,rain,maxws,bv
2023-11-01 00:00:00,13.09,79.17,0.0,269,0.03,0,0.9,12.89
2023-11-01 00:01:00,13.12,79.0,0.0,269,0.015,0,0.9,12.89
2023-11-01 00:02:00,13.1,79.43,0.0,269,0.0,0,0.0,12.89
2023-11-01 00:03:00,13.1,79.34,0.0,269,0.0,0,0.0,12.89
2023-11-01 00:04:00,13.07,78.83,0.0,269,0.015,0,0.9,12.89
2023-11-01 00:05:00,13.1,79.1,0.0,269,0.0,0,0.0,12.89
2023-11-01 00:06:00,13.07,78.98,0.0,269,0.0,0,0.0,12.89
2023-11-01 00:07:00,13.04,79.39,0.0,269,0.0,0,0.0,12.89
2023-11-01 00:08:00,13.03,79.32,0.0,269,0.0,0,0.0,12.89
2023-11-01 00:09:00,12.99,79.82,0.0,269,0.0,0,0.0,12.89
2023-11-01 00:10:00,12.93,79.72,0.0,269,0.0,0,0.0,12.89
2023-11-01 00:11:00,12.9,80.15,0.0,269,0.0,0,0.0,12.89
2023-11-01 00:12:00,12.85,80.17,0.0,269,0.0,0,0.0,12.89
2023-11-01 00:13:00,12.81,80.47,0.0,269,0.0,0,0.0,12.89
2023-11-01 00:14:00,12.78,80.72,0.0,269,0.0,0,0.0,12.89
2023-11-01 00:15:00,12.75,80.64,0.0,269,0.0,0,0.0,12.89
2023-11-01 00:16:00,12.69,80.72,0.0,269,0.0,0,0.0,12.89
2023-11-01 00:17:00,12.67,80.58,0.0,269,0.0,0,0.0,12.89
2023-11-01 00:18:00,12.64,80.58,0.0,269,0.0,0,0.0,12.89
2023-11-01 00:19:00,12.61,80.48,0.0,269,0.0,0,0.0,12.89
2023-11-01 00:20:00,12.59,80.34,0.0,269,0.0,0,0.0,12.89
2023-11-01 00:21:00,12.57,80.19,0.0,269,0.0,0,0.0,12.89
2023-11-01 00:22:00,12.55,80.05,0.0,269,0.0,0,0.0,12.89
2023-11-01 00:23:00,12.54,80.55,0.0,269,0.0,0,0.0,12.89
2023-11-01 00:24:00,12.54,80.1,0.0,269,0.015,0,0.9,12.89
2023-11-01 00:25:00,12.52,80.08,0.0,269,0.0,0,0.0,12.89
2023-11-01 00:26:00,12.5,79.98,0.0,269,0.0,0,0.0,12.89
2023-11-01 00:27:00,12.51,79.89,0.0,269,0.0,0,0.0,12.89
2023-11-01 00:28:00,12.52,79.87,0.0,269,0.0,0,0.0,12.89
2023-11-01 00:29:00,12.54,80.93,0.0,269,0.0,0,0.0,12.89
2023-11-01 00:30:00,12.52,80.4,0.0,269,0.0,0,0.0,12.89
2023-11-01 00:31:00,12.52,80.05,0.0,269,0.0,0,0.0,12.89
2023-11-01 00:32:00,12.52,78.9,0.0,269,0.0,0,0.0,12.89
2023-11-01 00:33:00,12.52,79.31,0.0,269,0.0,0,0.0,12.89
2023-11-01 00:34:00,12.54,80.2,0.0,269,0.0,0,0.0,12.89
2023-11-01 00:35:00,12.51,78.67,0.0,269,0.0,0,0.0,12.89
2023-11-01 00:36:00,12.54,78.89,0.0,268,0.03,0,0.9,12.89
2023-11-01 00:37:00,12.57,77.93,0.0,268,0.0,0,0.0,12.89
2023-11-01 00:38:00,12.57,79.85,0.0,268,0.0,0,0.0,12.89
2023-11-01 00:39:00,12.57,79.04,0.0,268,0.0,0,0.0,12.89
2023-11-01 00:40:00,12.55,78.07,0.0,268,0.0,0,0.0,12.89
2023-11-01 00:41:00,12.54,78.57,0.0,268,0.0,0,0.0,12.89
2023-11-01 00:42:00,12.54,80.09,0.0,268,0.0,0,0.0,12.89
2023-11-01 00:43:00,12.54,78.61,0.0,268,0.0,0,0.0,12.89
2023-11-01 00:44:00,12.52,78.08,0.0,268,0.0,0,0.0,12.89
2023-11-01 00:45:00,12.54,78.86,0.0,268,0.0,0,0.0,12.89
2023-11-01 00:46:00,12.52,78.01,0.0,268,0.0,0,0.0,12.89
2023-11-01 00:47:00,12.52,77.66,0.0,268,0.0,0,0.0,12.89
2023-11-01 00:48:00,12.55,77.98,0.0,268,0.0,0,0.0,12.89
2023-11-01 00:49:00,12.55,77.76,0.0,268,0.0,0,0.0,12.89
2023-11-01 00:50:00,12.55,77.56,0.0,268,0.0,0,0.0,12.89
2023-11-01 00:51:00,12.59,77.9,0.0,268,0.0,0,0.0,12.89
2023-11-01 00:52:00,12.59,78.47,0.0,268,0.0,0,0.0,12.89
2023-11-01 00:53:00,12.57,78.97,0.0,268,0.0,0,0.0,12.89
2023-11-01 00:54:00,12.55,79.96,0.0,268,0.0,0,0.0,12.89
2023-11-01 00:55:00,12.52,79.84,0.0,268,0.0,0,0.0,12.89
2023-11-01 00:56:00,12.51,79.98,0.0,268,0.0,0,0.0,12.89
2023-11-01 00:57:00,12.5,80.18,0.0,263,0.015,0,0.9,12.89
2023-11-01 00:58:00,12.45,80.18,0.0,263,0.0,0,0.0,12.89
2023-11-01 00:59:00,12.44,80.85,0.0,263,0.0,0,0.0,12.89
2023-11-01 01:00:00,12.35,81.28,0.0,263,0.0,0,0.0,12.89
2023-11-01 01:01:00,12.25,81.38,0.0,263,0.0,0,0.0,12.89
2023-11-01 01:02:00,12.2,81.47,0.0,263,0.0,0,0.0,12.89
2023-11-01 01:03:00,12.19,81.86,0.0,263,0.0,0,0.0,12.89
2023-11-01 01:04:00,12.1,81.99,0.0,263,0.0,0,0.0,12.89
2023-11-01 01:05:00,12.09,82.13,0.0,263,0.0,0,0.0,12.89
2023-11-01 01:06:00,12.04,82.33,0.0,263,0.0,0,0.0,12.89
2023-11-01 01:07:00,11.97,82.52,0.0,263,0.0,0,0.0,12.89
2023-11-01 01:08:00,11.96,82.45,0.0,263,0.0,0,0.0,12.89
2023-11-01 01:09:00,11.96,82.52,0.0,263,0.0,0,0.0,12.89
2023-11-01 01:10:00,11.94,82.95,0.0,263,0.0,0,0.0,12.89
2023-11-01 01:11:00,11.9,82.85,0.0,263,0.0,0,0.0,12.89
2023-11-01 01:12:00,11.89,82.93,0.0,263,0.0,0,0.0,12.89
2023-11-01 01:13:00,11.88,83.12,0.0,263,0.0,0,0.0,12.89
2023-11-01 01:14:00,11.85,83.19,0.0,263,0.0,0,0.0,12.89
2023-11-01 01:15:00,11.83,83.21,0.0,263,0.0,0,0.0,12.89
2023-11-01 01:16:00,11.85,83.4,0.0,263,0.0,0,0.0,12.89
2023-11-01 01:17:00,11.82,83.21,0.0,263,0.0,0,0.0,12.89
2023-11-01 01:18:00,11.79,83.01,0.0,263,0.0,0,0.0,12.89
2023-11-01 01:19:00,11.82,83.17,0.0,263,0.0,0,0.0,12.89
2023-11-01 01:20:00,11.82,83.43,0.0,263,0.0,0,0.0,12.89
2023-11-01 01:21:00,11.79,83.45,0.0,263,0.0,0,0.0,12.89
2023-11-01 01:22:00,11.79,83.37,0.0,263,0.0,0,0.0,12.89
2023-11-01 01:23:00,11.8,83.35,0.0,263,0.0,0,0.0,12.89
2023-11-01 01:24:00,11.8,83.29,0.0,263,0.0,0,0.0,12.89
2023-11-01 01:25:00,11.79,83.39,0.0,263,0.0,0,0.0,12.89
2023-11-01 01:26:00,11.78,83.43,0.0,263,0.0,0,0.0,12.89
2023-11-01 01:27:00,11.78,83.12,0.0,263,0.0,0,0.0,12.89
2023-11-01 01:28:00,11.78,82.96,0.0,263,0.0,0,0.0,12.89
2023-11-01 01:29:00,11.76,83.2,0.0,263,0.0,0,0.0,12.89
2023-11-01 01:30:00,11.75,83.03,0.0,263,0.0,0,0.0,12.89
2023-11-01 01:31:00,11.75,82.76,0.0,263,0.0,0,0.0,12.89
2023-11-01 01:32:00,11.76,82.83,0.0,263,0.0,0,0.0,12.89
2023-11-01 01:33:00,11.73,82.32,0.0,263,0.0,0,0.0,12.89
2023-11-01 01:34:00,11.75,82.17,0.0,263,0.0,0,0.0,12.89
2023-11-01 01:35:00,11.82,82.98,0.0,263,0.0,0,0.0,12.89
2023-11-01 01:36:00,11.82,82.83,0.0,263,0.0,0,0.0,12.89
2023-11-01 01:37:00,11.82,82.18,0.0,263,0.0,0,0.0,12.89
2023-11-01 01:38:00,11.83,81.94,0.0,263,0.0,0,0.0,12.89
2023-11-01 01:39:00,11.89,82.52,0.0,263,0.0,0,0.0,12.89
2023-11-01 01:40:00,11.89,81.96,0.0,263,0.0,0,0.0,12.89
2023-11-01 01:41:00,11.89,82.17,0.0,263,0.0,0,0.0,12.89
2023-11-01 01:42:00,11.9,81.65,0.0,263,0.0,0,0.0,12.89
2023-11-01 01:43:00,11.89,81.55,0.0,263,0.0,0,0.0,12.89
2023-11-01 01:44:00,11.89,82.07,0.0,263,0.0,0,0.0,12.89
2023-11-01 01:45:00,11.89,82.32,0.0,263,0.0,0,0.0,12.89
2023-11-01 01:46:00,11.85,82.31,0.0,263,0.0,0,0.0,12.89
2023-11-01 01:47:00,11.83,82.21,0.0,263,0.0,0,0.0,12.89
2023-11-01 01:48:00,11.8,82.09,0.0,263,0.0,0,0.0,12.89
2023-11-01 01:49:00,11.82,82.71,0.0,263,0.0,0,0.0,12.89
2023-11-01 01:50:00,11.8,82.51,0.0,263,0.0,0,0.0,12.89
2023-11-01 01:51:00,11.8,82.17,0.0,263,0.0,0,0.0,12.89
2023-11-01 01:52:00,11.85,82.12,0.0,263,0.0,0,0.0,12.89
2023-11-01 01:53:00,11.88,82.53,0.0,263,0.0,0,0.0,12.89
2023-11-01 01:54:00,11.83,82.62,0.0,263,0.0,0,0.0,12.89
2023-11-01 01:55:00,11.82,82.56,0.0,263,0.0,0,0.0,12.89
2023-11-01 01:56:00,11.8,82.0,0.0,263,0.0,0,0.0,12.89
2023-11-01 01:57:00,11.85,82.44,0.0,263,0.0,0,0.0,12.89
2023-11-01 01:58:00,11.85,82.6,0.0,263,0.0,0,0.0,12.89
2023-11-01 01:59:00,11.82,82.67,0.0,263,0.0,0,0.0,12.89
2023-11-01 02:00:00,11.8,82.5,0.0,263,0.0,0,0.0,12.89
2023-11-01 02:01:00,11.79,82.26,0.0,263,0.0,0,0.0,12.89
2023-11-01 02:02:00,11.79,82.17,0.0,263,0.0,0,0.0,12.89
2023-11-01 02:03:00,11.76,82.06,0.0,263,0.0,0,0.0,12.89
2023-11-01 02:04:00,11.78,81.91,0.0,263,0.0,0,0.0,12.89
2023-11-01 02:05:00,11.79,81.72,0.0,263,0.0,0,0.0,12.89
2023-11-01 02:06:00,11.79,81.63,0.0,263,0.0,0,0.0,12.89
2023-11-01 02:07:00,11.89,81.37,0.0,263,0.0,0,0.0,12.89
2023-11-01 02:08:00,11.94,81.72,0.0,263,0.0,0,0.0,12.89
2023-11-01 02:09:00,11.94,81.36,0.0,263,0.0,0,0.0,12.89
2023-11-01 02:10:00,11.94,81.05,0.0,263,0.0,0,0.0,12.89
2023-11-01 02:11:00,11.92,81.18,0.0,263,0.0,0,0.0,12.89
2023-11-01 02:12:00,11.96,80.94,0.0,263,0.0,0,0.0,12.89
2023-11-01 02:13:00,11.97,81.95,0.0,263,0.0,0,0.0,12.89
2023-11-01 02:14:00,11.93,82.13,0.0,263,0.0,0,0.0,12.89
2023-11-01 02:15:00,11.9,81.75,0.0,263,0.0,0,0.0,12.89
2023-11-01 02:16:00,11.88,81.87,0.0,263,0.0,0,0.0,12.89
2023-11-01 02:17:00,11.88,82.24,0.0,263,0.0,0,0.0,12.89
2023-11-01 02:18:00,11.85,82.39,0.0,263,0.0,0,0.0,12.89
2023-11-01 02:19:00,11.79,82.15,0.0,263,0.0,0,0.0,12.89
2023-11-01 02:20:00,11.82,81.42,0.0,263,0.0,0,0.0,12.89
2023-11-01 02:21:00,11.83,81.15,0.0,263,0.0,0,0.0,12.89
2023-11-01 02:22:00,11.86,81.14,0.0,263,0.0,0,0.0,12.89
2023-11-01 02:23:00,11.9,80.93,0.0,263,0.0,0,0.0,12.89
2023-11-01 02:24:00,11.92,80.74,0.0,263,0.0,0,0.0,12.89
2023-11-01 02:25:00,11.93,81.33,0.0,263,0.0,0,0.0,12.89
2023-11-01 02:26:00,11.97,81.48,0.0,263,0.0,0,0.0,12.89
2023-11-01 02:27:00,11.97,80.82,0.0,263,0.0,0,0.0,12.89
2023-11-01 02:28:00,12.0,80.6,0.0,263,0.015,0,0.9,12.89
2023-11-01 02:29:00,12.07,80.45,0.0,263,0.0,0,0.0,12.89
2023-11-01 02:30:00,12.14,80.1,0.0,263,0.0,0,0.0,12.89
2023-11-01 02:31:00,12.19,79.96,0.0,263,0.0,0,0.0,12.89
2023-11-01 02:32:00,12.2,80.58,0.0,263,0.0,0,0.0,12.89
2023-11-01 02:33:00,12.17,80.1,0.0,263,0.0,0,0.0,12.89
2023-11-01 02:34:00,12.17,80.21,0.0,263,0.0,0,0.0,12.89
2023-11-01 02:35:00,12.2,80.18,0.0,263,0.0,0,0.0,12.89
2023-11-01 02:36:00,12.19,80.13,0.0,263,0.0,0,0.0,12.89
2023-11-01 02:37:00,12.19,79.95,0.0,263,0.0,0,0.0,12.89
2023-11-01 02:38:00,12.17,80.1,0.0,263,0.0,0,0.0,12.89
2023-11-01 02:39:00,12.16,79.93,0.0,263,0.0,0,0.0,12.89
2023-11-01 02:40:00,12.21,80.34,0.0,263,0.0,0,0.0,12.89
2023-11-01 02:41:00,12.2,80.41,0.0,263,0.0,0,0.0,12.89
2023-11-01 02:42:00,12.17,80.12,0.0,263,0.0,0,0.0,12.89
2023-11-01 02:43:00,12.2,79.99,0.0,248,0.015,0,0.9,12.89
2023-11-01 02:44:00,12.23,79.82,0.0,248,0.0,0,0.0,12.89
2023-11-01 02:45:00,12.28,79.62,0.0,248,0.0,0,0.0,12.89
2023-11-01 02:46:00,12.31,79.37,0.0,248,0.0,0,0.0,12.89
2023-11-01 02:47:00,12.38,79.13,0.0,248,0.015,0,0.9,12.89
2023-11-01 02:48:00,12.45,78.99,0.0,248,0.0,0,0.0,12.89
2023-11-01 02:49:00,12.48,78.81,0.0,248,0.0,0,0.0,12.89
2023-11-01 02:50:00,12.5,78.65,0.0,244,0.0,0,0.0,12.89
2023-11-01 02:51:00,12.54,78.58,0.0,244,0.015,0,0.9,12.89
2023-11-01 02:52:00,12.55,78.36,0.0,244,0.0,0,0.0,12.89
2023-11-01 02:53:00,12.54,79.17,0.0,244,0.0,0,0.0,12.89
2023-11-01 02:54:00,12.52,79.01,0.0,244,0.0,0,0.0,12.89
2023-11-01 02:55:00,12.48,79.11,0.0,244,0.0,0,0.0,12.89
2023-11-01 02:56:00,12.43,79.13,0.0,244,0.0,0,0.0,12.89
2023-11-01 02:57:00,12.43,79.3,0.0,244,0.0,0,0.0,12.89
2023-11-01 02:58:00,12.4,79.51,0.0,244,0.0,0,0.0,12.89
2023-11-01 02:59:00,12.37,79.88,0.0,244,0.0,0,0.0,12.89
2023-11-01 03:00:00,12.34,79.74,0.0,244,0.0,0,0.0,12.89
2023-11-01 03:01:00,12.3,79.73,0.0,244,0.0,0,0.0,12.89
2023-11-01 03:02:00,12.32,79.57,0.0,244,0.0,0,0.0,12.89
2023-11-01 03:03:00,12.32,79.58,0.0,244,0.0,0,0.0,12.89
2023-11-01 03:04:00,12.34,79.97,0.0,244,0.0,0,0.0,12.89
2023-11-01 03:05:00,12.32,79.73,0.0,244,0.0,0,0.0,12.89
2023-11-01 03:06:00,12.31,80.16,0.0,244,0.0,0,0.0,12.89
2023-11-01 03:07:00,12.3,79.69,0.0,245,0.0,0,0.0,12.89
2023-11-01 03:08:00,12.32,79.3,0.0,359,0.105,0,0.9,12.89
2023-11-01 03:09:00,12.44,78.87,0.0,296,0.165,0,0.9,12.89
2023-11-01 03:10:00,12.45,78.74,0.0,296,0.015,0,0.9,12.89
2023-11-01 03:11:00,12.51,79.53,0.0,290,0.0,0,0.0,12.89
2023-11-01 03:12:00,12.52,79.29,0.0,290,0.015,0,0.9,12.89
2023-11-01 03:13:00,12.51,79.52,0.0,290,0.0,0,0.0,12.89
2023-11-01 03:14:00,12.55,78.95,0.0,290,0.0,0,0.0,12.89
2023-11-01 03:15:00,12.55,78.68,0.0,289,0.015,0,0.9,12.89
2023-11-01 03:16:00,12.58,78.54,0.0,289,0.0,0,0.0,12.89
2023-11-01 03:17:00,12.62,78.34,0.0,289,0.0,0,0.0,12.89
2023-11-01 03:18:00,12.68,78.29,0.0,289,0.0,0,0.0,12.89
2023-11-01 03:19:00,12.71,78.81,0.0,289,0.0,0,0.0,12.89
2023-11-01 03:20:00,12.75,77.83,0.0,316,0.0,0,0.0,12.89
2023-11-01 03:21:00,12.79,77.51,0.0,316,0.0,0,0.0,12.89
2023-11-01 03:22:00,12.85,77.33,0.0,316,0.015,0,0.9,12.89
2023-11-01 03:23:00,12.88,77.14,0.0,346,0.015,0,0.9,12.89
2023-11-01 03:24:00,12.95,77.0,0.0,346,0.0,0,0.0,12.89
2023-11-01 03:25:00,12.98,76.87,0.0,346,0.0,0,0.0,12.89
2023-11-01 03:26:00,13.06,76.59,0.0,346,0.0,0,0.0,12.89
2023-11-01 03:27:00,13.13,76.24,0.0,346,0.0,0,0.0,12.89
2023-11-01 03:28:00,13.15,75.94,0.0,346,0.0,0,0.0,12.89
2023-11-01 03:29:00,13.18,75.94,0.0,346,0.015,0,0.9,12.89
2023-11-01 03:30:00,13.22,75.75,0.0,346,0.0,0,0.0,12.89
2023-11-01 03:31:00,13.23,75.57,0.0,343,0.015,0,0.9,12.89
2023-11-01 03:32:00,13.25,75.54,0.0,343,0.0,0,0.0,12.89
2023-11-01 03:33:00,13.27,75.45,0.0,352,0.015,0,0.9,12.89
2023-11-01 03:34:00,13.3,75.38,0.0,352,0.015,0,0.9,12.89
2023-11-01 03:35:00,13.27,75.53,0.0,352,0.015,0,0.9,12.89
2023-11-01 03:36:00,13.3,75.35,0.0,352,0.0,0,0.0,12.89
2023-11-01 03:37:00,13.3,75.59,0.0,352,0.0,0,0.0,12.89
2023-11-01 03:38:00,13.33,75.88,0.0,352,0.0,0,0.0,12.89
2023-11-01 03:39:00,13.31,75.67,0.0,352,0.0,0,0.0,12.89
2023-11-01 03:40:00,13.33,75.73,0.0,352,0.015,0,0.9,12.89
2023-11-01 03:41:00,13.34,75.75,0.0,335,0.0,0,0.0,12.89
2023-11-01 03:42:00,13.37,75.83,0.0,335,0.0,0,0.0,12.89
2023-11-01 03:43:00,13.37,75.71,0.0,335,0.0,0,0.0,12.89
2023-11-01 03:44:00,13.37,75.74,0.0,335,0.0,0,0.0,12.89
2023-11-01 03:45:00,13.41,75.88,0.0,335,0.0,0,0.0,12.89
2023-11-01 03:46:00,13.41,75.98,0.0,335,0.0,0,0.0,12.89
2023-11-01 03:47:00,13.44,75.76,0.0,335,0.0,0,0.0,12.89
2023-11-01 03:48:00,13.4,75.68,0.0,335,0.0,0,0.0,12.89
2023-11-01 03:49:00,13.43,76.44,0.0,335,0.0,0,0.0,12.89
2023-11-01 03:50:00,13.43,76.1,0.0,335,0.0,0,0.0,12.89
2023-11-01 03:51:00,13.43,76.01,0.0,335,0.0,0,0.0,12.89
2023-11-01 03:52:00,13.43,76.09,0.0,335,0.0,0,0.0,12.89
2023-11-01 03:53:00,13.46,76.17,0.0,335,0.0,0,0.0,12.89
2023-11-01 03:54:00,13.44,76.48,0.0,335,0.0,0,0.0,12.89
2023-11-01 03:55:00,13.47,76.29,0.0,335,0.0,0,0.0,12.89
2023-11-01 03:56:00,13.46,76.52,0.0,335,0.015,0,0.9,12.89
2023-11-01 03:57:00,13.44,76.73,0.0,335,0.0,0,0.0,12.89
2023-11-01 03:58:00,13.44,76.4,0.0,335,0.0,0,0.0,12.89
2023-11-01 03:59:00,13.44,76.99,0.0,335,0.0,0,0.0,12.89
2023-11-01 04:00:00,13.43,76.72,0.0,335,0.0,0,0.0,12.89
2023-11-01 04:01:00,13.43,76.69,0.0,335,0.0,0,0.0,12.89
2023-11-01 04:02:00,13.43,76.62,0.0,335,0.0,0,0.0,12.89
2023-11-01 04:03:00,13.47,76.58,0.0,335,0.0,0,0.0,12.89
2023-11-01 04:04:00,13.49,76.67,0.0,335,0.0,0,0.0,12.89
2023-11-01 04:05:00,13.51,76.63,0.0,335,0.0,0,0.0,12.89
2023-11-01 04:06:00,13.51,76.65,0.0,335,0.0,0,0.0,12.89
2023-11-01 04:07:00,13.57,76.58,0.0,335,0.015,0,0.9,12.89
2023-11-01 04:08:00,13.57,76.6,0.0,335,0.0,0,0.0,12.89
2023-11-01 04:09:00,13.6,76.68,0.0,335,0.0,0,0.0,12.89
2023-11-01 04:10:00,13.61,76.95,0.0,335,0.0,0,0.0,12.89
2023-11-01 04:11:00,13.61,76.71,0.0,337,0.0,0,0.0,12.89
2023-11-01 04:12:00,13.6,76.74,0.0,331,0.015,0,0.9,12.89
2023-11-01 04:13:00,13.62,76.79,0.0,331,0.0,0,0.0,12.89
2023-11-01 04:14:00,13.61,76.83,0.0,331,0.0,0,0.0,12.89
2023-11-01 04:15:00,13.64,76.79,0.0,331,0.0,0,0.0,12.89
2023-11-01 04:16:00,13.64,76.96,0.0,331,0.0,0,0.0,12.89
2023-11-01 04:17:00,13.64,77.35,0.0,331,0.0,0,0.0,12.89
2023-11-01 04:18:00,13.6,77.3,0.0,331,0.0,0,0.0,12.89
2023-11-01 04:19:00,13.61,77.47,0.0,331,0.0,0,0.0,12.89
2023-11-01 04:20:00,13.55,77.42,0.0,331,0.0,0,0.0,12.89
2023-11-01 04:21:00,13.55,77.55,0.0,331,0.0,0,0.0,12.89
2023-11-01 04:22:00,13.51,77.52,0.0,331,0.0,0,0.0,12.89
2023-11-01 04:23:00,13.5,77.76,0.0,331,0.0,0,0.0,12.89
2023-11-01 04:24:00,13.5,78.01,0.0,331,0.0,0,0.0,12.89
2023-11-01 04:25:00,13.49,78.1,0.0,331,0.0,0,0.0,12.89
2023-11-01 04:26:00,13.47,78.08,0.0,331,0.0,0,0.0,12.89
2023-11-01 04:27:00,13.47,78.08,0.0,331,0.0,0,0.0,12.89
2023-11-01 04:28:00,13.47,78.27,0.0,331,0.0,0,0.0,12.89
2023-11-01 04:29:00,13.46,78.37,0.0,331,0.0,0,0.0,12.89
2023-11-01 04:30:00,13.41,78.62,0.0,331,0.0,0,0.0,12.89
2023-11-01 04:31:00,13.39,78.78,0.0,331,0.0,0,0.0,12.89
2023-11-01 04:32:00,13.37,78.81,0.0,331,0.0,0,0.0,12.89
2023-11-01 04:33:00,13.36,78.92,0.0,331,0.0,0,0.0,12.89
2023-11-01 04:34:00,13.37,78.95,0.0,331,0.0,0,0.0,12.89
2023-11-01 04:35:00,13.36,78.9,0.0,331,0.0,0,0.0,12.89
2023-11-01 04:36:00,13.34,79.02,0.0,331,0.0,0,0.0,12.89
2023-11-01 04:37:00,13.4,79.17,0.0,331,0.0,0,0.0,12.89
2023-11-01 04:38:00,13.43,79.21,0.0,331,0.0,0,0.0,12.89
2023-11-01 04:39:00,13.46,79.19,0.0,331,0.0,0,0.0,12.89
2023-11-01 04:40:00,13.47,79.23,0.0,331,0.0,0,0.0,12.89
2023-11-01 04:41:00,13.51,79.17,0.0,331,0.0,0,0.0,12.89
2023-11-01 04:42:00,13.55,79.08,0.0,331,0.0,0,0.0,12.89
2023-11-01 04:43:00,13.6,79.05,0.0,331,0.0,0,0.0,12.89
2023-11-01 04:44:00,13.65,79.19,0.0,331,0.0,0,0.0,12.89
2023-11-01 04:45:00,13.68,79.24,0.0,331,0.0,0,0.0,12.89
2023-11-01 04:46:00,13.72,79.08,0.0,331,0.0,0,0.0,12.89
2023-11-01 04:47:00,13.8,78.87,0.0,324,0.045,0,0.9,12.89
2023-11-01 04:48:00,13.82,78.95,0.0,324,0.0,0,0.0,12.89
2023-11-01 04:49:00,13.84,78.75,0.0,324,0.0,0,0.0,12.89
2023-11-01 04:50:00,13.88,78.76,0.0,322,0.03,0,0.9,12.89
2023-11-01 04:51:00,13.88,78.79,0.0,322,0.0,0,0.0,12.89
2023-11-01 04:52:00,13.94,78.74,0.0,322,0.015,0,0.9,12.89
2023-11-01 04:53:00,13.92,78.69,0.0,322,0.0,0,0.0,12.89
2023-11-01 04:54:00,13.94,78.72,0.0,322,0.0,0,0.0,12.89
2023-11-01 04:55:00,13.95,78.7,0.0,322,0.0,0,0.0,12.89
2023-11-01 04:56:00,13.98,78.7,0.0,322,0.0,0,0.0,12.89
2023-11-01 04:57:00,13.98,78.76,0.0,322,0.0,0,0.0,12.89
2023-11-01 04:58:00,14.01,78.97,0.0,322,0.0,0,0.0,12.89
2023-11-01 04:59:00,14.04,78.74,0.0,322,0.0,0,0.0,12.89
2023-11-01 05:00:00,14.08,78.85,0.0,319,0.015,0,0.9,12.89
2023-11-01 05:01:00,14.07,78.8,0.0,319,0.0,0,0.0,12.89
2023-11-01 05:02:00,14.12,78.8,0.0,319,0.0,0,0.0,12.89
2023-11-01 05:03:00,14.12,78.62,0.0,319,0.0,0,0.0,12.89
2023-11-01 05:04:00,14.11,78.74,0.0,319,0.0,0,0.0,12.89
2023-11-01 05:05:00,14.13,78.79,0.0,319,0.0,0,0.0,12.89
2023-11-01 05:06:00,14.15,78.86,0.0,319,0.0,0,0.0,12.89
2023-11-01 05:07:00,14.19,78.83,0.0,319,0.0,0,0.0,12.89
2023-11-01 05:08:00,14.19,78.82,0.0,319,0.0,0,0.0,12.89
2023-11-01 05:09:00,14.21,78.64,0.0,319,0.0,0,0.0,12.89
2023-11-01 05:10:00,14.18,78.75,0.0,319,0.0,0,0.0,12.89
2023-11-01 05:11:00,14.18,78.89,0.0,319,0.0,0,0.0,12.89
2023-11-01 05:12:00,14.16,78.96,0.0,319,0.0,0,0.0,12.89
2023-11-01 05:13:00,14.18,79.01,0.0,319,0.0,0,0.0,12.89
2023-11-01 05:14:00,14.18,79.08,0.0,319,0.0,0,0.0,12.89
2023-11-01 05:15:00,14.19,79.16,0.0,319,0.0,0,0.0,12.89
2023-11-01 05:16:00,14.23,79.14,0.0,319,0.0,0,0.0,12.89
2023-11-01 05:17:00,14.22,79.05,0.0,319,0.0,0,0.0,12.89
2023-11-01 05:18:00,14.25,79.1,0.0,319,0.0,0,0.0,12.89
2023-11-01 05:19:00,14.23,79.12,0.0,319,0.0,0,0.0,12.89
2023-11-01 05:20:00,14.22,79.16,0.0,319,0.0,0,0.0,12.89
2023-11-01 05:21:00,14.22,79.21,0.0,319,0.0,0,0.0,12.89
2023-11-01 05:22:00,14.22,79.23,0.0,319,0.0,0,0.0,12.89
2023-11-01 05:23:00,14.25,79.26,0.0,319,0.0,0,0.0,12.89
2023-11-01 05:24:00,14.26,79.28,0.0,319,0.0,0,0.0,12.89
2023-11-01 05:25:00,14.29,79.22,0.0,319,0.0,0,0.0,12.89
2023-11-01 05:26:00,14.29,79.17,0.0,319,0.0,0,0.0,12.89
2023-11-01 05:27:00,14.29,79.2,0.0,319,0.0,0,0.0,12.89
2023-11-01 05:28:00,14.28,79.19,0.0,319,0.015,0,0.9,12.89
2023-11-01 05:29:00,14.28,79.26,0.0,319,0.0,0,0.0,12.89
2023-11-01 05:30:00,14.28,79.28,0.0,319,0.0,0,0.0,12.89
2023-11-01 05:31:00,14.26,79.46,0.0,319,0.0,0,0.0,12.89
2023-11-01 05:32:00,14.25,79.54,0.0,319,0.0,0,0.0,12.89
2023-11-01 05:33:00,14.19,79.66,0.0,319,0.0,0,0.0,12.89
2023-11-01 05:34:00,14.21,79.76,0.0,319,0.0,0,0.0,12.89
2023-11-01 05:35:00,14.16,79.85,0.0,319,0.0,0,0.0,12.89
2023-11-01 05:36:00,14.18,79.89,0.0,319,0.0,0,0.0,12.89
2023-11-01 05:37:00,14.19,79.98,0.0,319,0.0,0,0.0,12.89
2023-11-01 05:38:00,14.15,80.05,0.0,319,0.0,0,0.0,12.89
2023-11-01 05:39:00,14.16,80.11,0.0,319,0.0,0,0.0,12.89
2023-11-01 05:40:00,14.16,80.09,0.0,319,0.0,0,0.0,12.89
2023-11-01 05:41:00,14.18,80.27,0.0,319,0.0,0,0.0,12.89
2023-11-01 05:42:00,14.16,80.35,0.0,319,0.0,0,0.0,12.89
2023-11-01 05:43:00,14.16,80.54,0.0,322,0.0,0,0.0,12.89
2023-11-01 05:44:00,14.19,80.44,0.0,301,0.015,0,0.9,12.89
2023-11-01 05:45:00,14.21,80.47,0.0,301,0.0,0,0.0,12.89
2023-11-01 05:46:00,14.19,80.57,0.0,301,0.0,0,0.0,12.89
2023-11-01 05:47:00,14.25,80.57,0.0,302,0.015,0,0.9,12.89
2023-11-01 05:48:00,14.22,80.76,0.0,302,0.0,0,0.0,12.89
2023-11-01 05:49:00,14.26,81.01,0.0,302,0.0,0,0.0,12.89
2023-11-01 05:50:00,14.29,81.13,0.0,299,0.015,0,0.9,12.89
2023-11-01 05:51:00,14.32,80.96,0.0,299,0.0,0,0.0,12.89
2023-11-01 05:52:00,14.35,81.02,0.0,299,0.0,0,0.0,12.89
2023-11-01 05:53:00,14.36,81.06,0.0,299,0.0,0,0.0,12.89
2023-11-01 05:54:00,14.39,81.03,0.0,299,0.0,0,0.0,12.89
2023-11-01 05:55:00,14.42,81.08,0.0,300,0.015,0,0.9,12.89
2023-11-01 05:56:00,14.43,81.14,0.0,320,0.015,0,0.9,12.89
2023-11-01 05:57:00,14.46,81.09,0.0,19,0.255,0,0.9,12.89
2023-11-01 05:58:00,14.5,80.59,0.0,19,0.045,0,0.9,12.89
2023-11-01 05:59:00,14.55,81.06,0.0,19,0.015,0,0.9,12.89
2023-11-01 06:00:00,14.52,81.13,0.0,10,0.03,0,0.9,12.89
2023-11-01 06:01:00,14.58,80.78,0.0,10,0.0,0,0.0,12.89
2023-11-01 06:02:00,14.56,80.86,0.0,10,0.0,0,0.0,12.89
2023-11-01 06:03:00,14.6,81.09,0.0,10,0.0,0,0.0,12.89
2023-11-01 06:04:00,14.6,81.03,0.0,10,0.0,0,0.0,12.89
2023-11-01 06:05:00,14.66,81.01,0.0,7,0.015,0,0.9,12.89
2023-11-01 06:06:00,14.69,80.86,0.0,7,0.0,0,0.0,12.89
2023-11-01 06:07:00,14.7,80.67,0.0,7,0.0,0,0.0,12.89
2023-11-01 06:08:00,14.71,80.79,0.0,4,0.0,0,0.0,12.89
2023-11-01 06:09:00,14.71,80.75,0.0,0,0.015,0,0.9,12.89
2023-11-01 06:10:00,14.74,80.85,0.0,0,0.0,0,0.0,12.89
2023-11-01 06:11:00,14.76,80.82,0.0,0,0.0,0,0.0,12.89
2023-11-01 06:12:00,14.77,80.77,0.0,78,0.03,0,0.9,12.89
2023-11-01 06:13:00,14.79,80.79,0.0,32,0.045,0,0.9,12.89
2023-11-01 06:14:00,14.81,80.67,0.0,32,0.0,0,0.0,12.89
2023-11-01 06:15:00,14.83,80.65,0.0,32,0.015,0,0.9,12.89
2023-11-01 06:16:00,14.83,80.4,0.0,32,0.0,0,0.0,12.89
2023-11-01 06:17:00,14.81,80.56,0.0,32,0.0,0,0.0,12.89
2023-11-01 06:18:00,14.8,80.63,0.0,34,0.015,0,0.9,12.89
2023-11-01 06:19:00,14.81,80.68,0.0,34,0.015,0,0.9,12.89
2023-11-01 06:20:00,14.8,80.74,0.0,34,0.0,0,0.0,12.89
2023-11-01 06:21:00,14.83,80.77,0.0,34,0.0,0,0.0,12.89
2023-11-01 06:22:00,14.81,80.71,0.0,34,0.0,0,0.0,12.89
2023-11-01 06:23:00,14.83,80.64,0.0,34,0.0,0,0.0,12.89
2023-11-01 06:24:00,14.8,80.81,0.0,34,0.0,0,0.0,12.89
2023-11-01 06:25:00,14.8,81.02,0.0,34,0.0,0,0.0,12.89
2023-11-01 06:26:00,14.76,81.18,0.0,33,0.03,0,0.9,12.89
2023-11-01 06:27:00,14.8,81.1,0.0,34,0.0,0,0.0,12.89
2023-11-01 06:28:00,14.79,81.18,0.0,73,0.03,0,0.9,12.89
2023-11-01 06:29:00,14.77,81.29,0.0,111,0.045,0,0.9,12.89
2023-11-01 06:30:00,14.79,81.34,0.0,94,0.015,0,0.9,12.89
2023-11-01 06:31:00,14.81,81.32,0.0,88,0.015,0,0.9,12.89
2023-11-01 06:32:00,14.81,81.3,0.0,114,0.015,0,0.9,12.89
2023-11-01 06:33:00,14.84,81.17,0.0,114,0.0,0,0.0,12.89
2023-11-01 06:34:00,14.86,81.17,0.0,114,0.0,0,0.0,12.89
2023-11-01 06:35:00,14.86,81.1,0.0,129,0.015,0,0.9,12.89
2023-11-01 06:36:00,14.83,81.1,0.0,129,0.0,0,0.0,12.89
2023-11-01 06:37:00,14.83,81.04,0.0,129,0.0,0,0.0,12.89
2023-11-01 06:38:00,14.81,81.2,0.0,129,0.0,0,0.0,12.89
2023-11-01 06:39:00,14.81,81.27,0.0,129,0.0,0,0.0,12.89
2023-11-01 06:40:00,14.8,81.19,0.0,129,0.0,0,0.0,12.89
2023-11-01 06:41:00,14.79,81.31,0.0,129,0.0,0,0.0,12.89
2023-11-01 06:42:00,14.77,81.41,0.0,129,0.0,0,0.0,12.89
2023-11-01 06:43:00,14.76,81.47,1.14,129,0.0,0,0.0,12.89
2023-11-01 06:44:00,14.74,81.62,0.76,128,0.0,0,0.0,12.89
2023-11-01 06:45:00,14.7,81.65,1.14,129,0.015,0,0.9,12.89
2023-11-01 06:46:00,14.69,81.71,1.53,203,0.015,0,0.9,12.89
2023-11-01 06:47:00,14.71,81.84,1.91,213,0.03,0,0.9,12.89
2023-11-01 06:48:00,14.69,81.75,1.91,214,0.0,0,0.0,12.89
2023-11-01 06:49:00,14.67,81.95,1.91,214,0.0,0,0.0,12.89
2023-11-01 06:50:00,14.66,81.94,2.29,214,0.0,0,0.0,12.89
2023-11-01 06:51:00,14.67,82.07,2.67,229,0.015,0,0.9,12.89
2023-11-01 06:52:00,14.67,82.05,3.05,229,0.015,0,0.9,12.89
2023-11-01 06:53:00,14.67,82.04,3.81,229,0.03,0,0.9,12.89
2023-11-01 06:54:00,14.67,82.12,4.2,242,0.06,0,0.9,12.89
2023-11-01 06:55:00,14.63,82.1,4.58,242,0.0,0,0.0,12.89
2023-11-01 06:56:00,14.63,82.18,5.34,242,0.0,0,0.0,12.89
2023-11-01 06:57:00,14.6,82.17,6.1,242,0.0,0,0.0,12.89
2023-11-01 06:58:00,14.58,82.36,6.1,242,0.0,0,0.0,12.89
2023-11-01 06:59:00,14.58,82.35,7.25,242,0.0,0,0.0,12.89
2023-11-01 07:00:00,14.56,82.38,7.63,242,0.0,0,0.0,12.89
2023-11-01 07:01:00,14.56,82.4,8.39,242,0.0,0,0.0,12.89
2023-11-01 07:02:00,14.55,82.42,9.16,242,0.0,0,0.0,12.89
2023-11-01 07:03:00,14.5,82.57,9.92,242,0.0,0,0.0,12.89
2023-11-01 07:04:00,14.52,82.65,10.68,217,0.015,0,0.9,12.89
2023-11-01 07:05:00,14.5,82.64,11.44,254,0.015,0,0.9,12.89
2023-11-01 07:06:00,14.5,82.72,12.21,256,0.105,0,0.9,12.89
2023-11-01 07:07:00,14.52,82.77,12.97,282,0.15,0,0.9,12.89
2023-11-01 07:08:00,14.55,82.72,13.73,282,0.0,0,0.0,12.89
2023-11-01 07:09:00,14.53,82.67,14.88,282,0.0,0,0.0,12.89
2023-11-01 07:10:00,14.53,82.78,15.64,282,0.0,0,0.0,12.89
2023-11-01 07:11:00,14.53,82.79,16.4,175,0.015,0,0.9,12.89
2023-11-01 07:12:00,14.5,82.87,17.55,214,0.045,0,0.9,12.89
2023-11-01 07:13:00,14.5,82.86,18.69,214,0.0,0,0.0,12.89
2023-11-01 07:14:00,14.47,83.0,19.84,214,0.0,0,0.0,12.89
2023-11-01 07:15:00,14.47,82.98,20.98,214,0.0,0,0.0,12.89
2023-11-01 07:16:00,14.46,83.04,22.13,214,0.0,0,0.0,12.89
2023-11-01 07:17:00,14.46,83.12,23.27,210,0.0,0,0.0,12.89
2023-11-01 07:18:00,14.46,83.2,24.41,215,0.015,0,0.9,12.89
2023-11-01 07:19:00,14.49,83.13,25.56,227,0.0,0,0.0,12.89
2023-11-01 07:20:00,14.49,83.1,26.7,227,0.0,0,0.0,12.89
2023-11-01 07:21:00,14.5,83.16,27.47,260,0.075,0,0.9,12.89
2023-11-01 07:22:00,14.52,83.19,28.99,331,0.105,0,0.9,12.89
2023-11-01 07:23:00,14.55,83.05,30.14,330,0.0,0,0.0,12.93
2023-11-01 07:24:00,14.6,82.99,31.28,327,0.06,0,0.9,12.93
2023-11-01 07:25:00,14.67,82.86,32.43,327,0.015,0,0.9,12.93
2023-11-01 07:26:00,14.69,82.71,33.57,333,0.015,0,0.9,12.93
2023-11-01 07:27:00,14.69,82.5,34.71,332,0.015,0,0.9,12.97
2023-11-01 07:28:00,14.71,82.51,36.24,56,0.15,0,0.9,13.01
2023-11-01 07:29:00,14.76,82.37,37.0,54,0.045,0,0.9,13.04
2023-11-01 07:30:00,14.83,82.2,38.53,56,0.015,0,0.9,13.04
2023-11-01 07:31:00,14.86,82.12,40.05,56,0.0,0,0.0,13.04
2023-11-01 07:32:00,14.87,82.01,41.2,63,0.0,0,0.0,13.04
2023-11-01 07:33:00,14.9,81.88,42.34,62,0.015,0,0.9,13.04
2023-11-01 07:34:00,14.94,81.74,43.11,62,0.0,0,0.0,13.04
2023-11-01 07:35:00,15.0,81.59,44.25,42,0.03,0,0.9,13.08
2023-11-01 07:36:00,15.01,81.53,45.01,105,0.06,0,0.9,13.08
2023-11-01 07:37:00,15.07,81.44,46.54,105,0.0,0,0.0,13.12
2023-11-01 07:38:00,15.07,81.29,47.68,105,0.0,0,0.0,13.12
2023-11-01 07:39:00,15.12,81.2,48.45,106,0.0,0,0.0,13.16
2023-11-01 07:40:00,15.11,81.15,49.59,137,0.015,0,0.9,13.16
2023-11-01 07:41:00,15.15,81.03,50.74,138,0.0,0,0.0,13.16
2023-11-01 07:42:00,15.17,80.99,51.88,338,0.09,0,0.9,13.16
2023-11-01 07:43:00,15.21,80.93,53.03,338,0.0,0,0.0,13.16
2023-11-01 07:44:00,15.22,80.84,54.55,338,0.0,0,0.0,13.16
2023-11-01 07:45:00,15.22,80.8,55.7,338,0.0,0,0.0,13.16
2023-11-01 07:46:00,15.22,80.74,56.84,338,0.0,0,0.0,13.16
2023-11-01 07:47:00,15.28,80.64,57.98,338,0.0,0,0.0,13.16
2023-11-01 07:48:00,15.28,80.59,59.13,338,0.0,0,0.0,13.16
2023-11-01 07:49:00,15.32,80.47,60.27,338,0.0,0,0.0,13.16
2023-11-01 07:50:00,15.38,80.4,61.04,338,0.0,0,0.0,13.16
2023-11-01 07:51:00,15.38,80.27,61.8,338,0.0,0,0.0,13.16
2023-11-01 07:52:00,15.46,80.14,62.94,338,0.0,0,0.0,13.16
2023-11-01 07:53:00,15.48,79.99,64.47,338,0.0,0,0.0,13.16
2023-11-01 07:54:00,15.51,79.88,66.0,338,0.0,0,0.0,13.46
2023-11-01 07:55:00,15.53,79.84,67.52,338,0.0,0,0.0,13.46
2023-11-01 07:56:00,15.58,79.71,68.67,338,0.0,0,0.0,13.53
2023-11-01 07:57:00,15.58,79.63,70.19,338,0.0,0,0.0,13.57
2023-11-01 07:58:00,15.61,79.56,71.72,338,0.0,0,0.0,13.64
2023-11-01 07:59:00,15.66,79.48,73.24,338,0.0,0,0.0,13.64
2023-11-01 08:00:00,15.69,79.35,75.15,338,0.0,0,0.0,13.79
2023-11-01 08:01:00,15.72,79.21,76.68,340,0.015,0,0.9,13.79
2023-11-01 08:02:00,15.77,79.09,77.82,340,0.0,0,0.0,13.79
2023-11-01 08:03:00,15.82,79.0,79.35,339,0.0,0,0.0,13.79
2023-11-01 08:04:00,15.86,78.91,80.49,339,0.0,0,0.0,13.79
2023-11-01 08:05:00,15.89,78.77,82.02,330,0.0,0,0.0,13.79
2023-11-01 08:06:00,15.93,78.69,82.78,293,0.015,0,0.9,13.79
2023-11-01 08:07:00,15.96,78.58,83.92,245,0.03,0,0.9,13.83
2023-11-01 08:08:00,16.0,78.52,85.07,244,0.0,0,0.0,13.83
2023-11-01 08:09:00,16.07,78.37,86.21,244,0.0,0,0.0,13.91
2023-11-01 08:10:00,16.1,78.27,87.36,247,0.03,0,0.9,13.91
2023-11-01 08:11:00,16.13,78.12,101.47,248,0.0,0,0.0,14.09
2023-11-01 08:12:00,16.17,78.02,120.55,248,0.015,0,0.9,14.09
2023-11-01 08:13:00,16.23,77.92,127.79,248,0.0,0,0.0,14.21
2023-11-01 08:14:00,16.27,77.76,129.7,248,0.015,0,0.9,14.28
2023-11-01 08:15:00,16.35,77.66,131.99,248,0.0,0,0.0,14.36
2023-11-01 08:16:00,16.44,77.29,135.42,248,0.015,0,0.9,14.36
2023-11-01 08:17:00,16.52,76.98,138.09,241,0.09,0,0.9,14.36
2023-11-01 08:18:00,16.65,76.61,139.62,193,0.015,0,0.9,14.39
2023-11-01 08:19:00,16.75,76.34,142.29,208,0.045,0,0.9,14.39
2023-11-01 08:20:00,16.86,75.91,146.11,224,0.0,0,0.0,14.39
2023-11-01 08:21:00,16.95,75.55,148.39,91,0.135,0,0.9,14.39
2023-11-01 08:22:00,17.05,75.17,151.45,90,0.015,0,0.9,14.43
2023-11-01 08:23:00,17.1,74.97,153.35,90,0.0,0,0.0,14.43
2023-11-01 08:24:00,17.16,74.86,156.4,90,0.045,0,0.9,14.39
2023-11-01 08:25:00,17.26,74.61,158.31,298,0.18,0,0.9,14.39
2023-11-01 08:26:00,17.32,74.48,160.6,298,0.0,0,0.0,14.43
2023-11-01 08:27:00,17.43,74.07,163.27,292,0.03,0,0.9,14.39
2023-11-01 08:28:00,17.46,73.85,165.94,282,0.105,0,0.9,14.39
2023-11-01 08:29:00,17.53,73.69,168.61,2,0.045,0,0.9,14.43
2023-11-01 08:30:00,17.58,73.46,172.05,79,0.09,0,0.9,14.43
2023-11-01 08:31:00,17.68,73.26,174.72,278,0.06,0,0.9,14.43
2023-11-01 08:32:00,17.75,72.99,177.0,279,0.015,0,0.9,14.39
2023-11-01 08:33:00,17.85,72.58,179.67,233,0.075,0,0.9,14.39
2023-11-01 08:34:00,17.92,72.32,181.96,347,0.12,0,0.9,14.39
2023-11-01 08:35:00,17.95,72.21,185.02,71,0.21,0,0.9,14.43
2023-11-01 08:36:00,18.02,72.1,186.54,176,0.345,0,0.9,14.39
2023-11-01 08:37:00,18.07,71.88,188.83,330,0.45,0,0.9,14.43
2023-11-01 08:38:00,18.09,71.83,190.36,112,0.285,0,0.9,14.43
2023-11-01 08:39:00,18.15,71.79,193.03,112,0.015,0,0.9,14.43
2023-11-01 08:40:00,18.26,71.33,194.55,82,0.075,0,0.9,14.39
2023-11-01 08:41:00,18.32,71.22,198.37,85,0.0,0,0.0,14.39
2023-11-01 08:42:00,18.42,70.94,201.42,262,0.105,0,0.9,14.39
2023-11-01 08:43:00,18.42,70.86,204.47,0,0.075,0,0.9,14.39
2023-11-01 08:44:00,18.53,70.73,207.14,96,0.03,0,0.9,14.43
2023-11-01 08:45:00,18.64,70.28,211.34,216,0.12,0,0.9,14.39
2023-11-01 08:46:00,18.77,69.94,213.24,155,0.075,0,0.9,14.39
2023-11-01 08:47:00,18.79,69.64,216.3,335,0.195,0,0.9,14.39
2023-11-01 08:48:00,18.81,69.51,217.06,156,0.255,0,0.9,14.39
2023-11-01 08:49:00,18.86,69.34,219.73,277,0.255,0,0.9,14.39
2023-11-01 08:50:00,18.93,69.46,222.4,150,0.135,0,0.9,14.39
2023-11-01 08:51:00,19.01,69.1,224.69,224,0.045,0,0.9,14.39
2023-11-01 08:52:00,19.04,68.87,226.21,286,0.39,0,0.9,14.39
2023-11-01 08:53:00,19.01,68.98,229.65,277,0.255,0,0.9,14.39
2023-11-01 08:54:00,19.03,68.92,230.79,284,0.225,0,0.9,14.39
2023-11-01 08:55:00,19.1,68.81,234.99,283,0.12,0,0.9,14.39
2023-11-01 08:56:00,19.12,68.71,237.66,338,0.3,0,0.9,14.39
2023-11-01 08:57:00,19.17,68.57,239.57,331,0.165,0,0.9,14.36
2023-11-01 08:58:00,19.21,68.49,241.86,358,0.09,0,0.9,14.36
2023-11-01 08:59:00,19.25,68.31,244.91,146,0.405,0,0.9,14.39
2023-11-01 09:00:00,19.3,68.36,250.25,123,0.255,0,0.9,14.39
2023-11-01 09:01:00,19.3,68.38,252.92,176,0.285,0,0.9,14.36
2023-11-01 09:02:00,19.37,68.3,256.73,264,0.285,0,0.9,14.39
2023-11-01 09:03:00,19.41,68.07,261.69,150,0.51,0,0.9,14.36
2023-11-01 09:04:00,19.45,68.08,262.07,310,0.375,0,0.9,14.39
2023-11-01 09:05:00,19.51,67.87,263.98,321,0.285,0,0.9,14.36
2023-11-01 09:06:00,19.59,67.35,264.74,112,0.255,0,0.9,14.39
2023-11-01 09:07:00,19.66,67.28,267.41,130,0.165,0,0.9,14.36
2023-11-01 09:08:00,19.73,66.93,268.56,332,0.435,0,1.8,14.36
2023-11-01 09:09:00,19.72,66.92,271.23,171,0.375,0,0.9,14.36
2023-11-01 09:10:00,19.72,66.91,275.04,339,0.255,0,0.9,14.39
2023-11-01 09:11:00,19.79,66.88,276.19,297,0.045,0,0.9,14.36
2023-11-01 09:12:00,19.82,66.56,278.48,276,0.285,0,0.9,14.36
2023-11-01 09:13:00,19.89,66.31,281.53,154,0.45,0,0.9,14.36
2023-11-01 09:14:00,19.92,66.29,284.2,84,0.54,0,0.9,14.36
2023-11-01 09:15:00,19.92,66.2,289.16,278,0.435,0,0.9,14.36
2023-11-01 09:16:00,19.92,66.44,292.97,278,0.225,0,0.9,14.36
2023-11-01 09:17:00,19.92,66.41,293.74,300,0.15,0,0.9,14.36
2023-11-01 09:18:00,19.87,66.48,296.03,349,0.63,0,1.8,14.36
2023-11-01 09:19:00,19.89,66.57,297.55,266,0.51,0,0.9,14.36
2023-11-01 09:20:00,19.9,66.61,300.6,0,0.42,0,0.9,14.36
2023-11-01 09:21:00,19.9,66.35,300.98,52,0.585,0,0.9,14.36
2023-11-01 09:22:00,19.94,66.43,305.56,302,0.36,0,0.9,14.36
2023-11-01 09:23:00,19.96,66.41,310.52,355,0.465,0,0.9,14.36
2023-11-01 09:24:00,20.02,66.2,314.72,287,0.585,0,1.8,14.36
2023-11-01 09:25:00,19.97,66.13,315.48,270,0.42,0,0.9,14.36
2023-11-01 09:26:00,20.04,66.22,316.62,45,0.345,0,0.9,14.36
2023-11-01 09:27:00,20.07,66.11,318.91,57,0.3,0,0.9,14.36
2023-11-01 09:28:00,20.2,65.82,320.44,168,0.105,0,0.9,14.36
2023-11-01 09:29:00,20.28,65.45,321.97,87,0.345,0,0.9,14.36
2023-11-01 09:30:00,20.31,65.23,327.69,306,0.51,0,0.9,14.36
2023-11-01 09:31:00,20.33,65.41,328.45,170,0.105,0,0.9,14.36
2023-11-01 09:32:00,20.43,65.23,329.98,298,0.39,0,0.9,14.36
2023-11-01 09:33:00,20.5,65.02,329.59,323,0.105,0,0.9,14.36
2023-11-01 09:34:00,20.55,64.85,334.55,14,0.075,0,0.9,14.36
2023-11-01 09:35:00,20.61,64.75,336.84,270,0.24,0,0.9,14.36
2023-11-01 09:36:00,20.71,64.35,341.8,281,0.135,0,0.9,14.36
2023-11-01 09:37:00,20.79,64.2,341.04,255,0.135,0,0.9,14.36
2023-11-01 09:38:00,20.88,63.91,342.57,340,0.195,0,0.9,14.36
2023-11-01 09:39:00,20.85,63.89,348.67,307,0.345,0,0.9,14.36
2023-11-01 09:40:00,20.86,63.7,350.19,11,0.435,0,1.8,14.36
2023-11-01 09:41:00,20.88,63.75,352.86,330,0.51,0,1.8,14.36
2023-11-01 09:42:00,20.82,64.05,354.39,269,0.54,0,0.9,14.36
2023-11-01 09:43:00,20.82,64.23,354.77,274,0.135,0,0.9,14.36
2023-11-01 09:44:00,20.88,64.02,357.44,276,0.45,0,0.9,14.36
2023-11-01 09:45:00,20.88,64.14,359.35,188,0.15,0,0.9,14.36
2023-11-01 09:46:00,20.98,63.99,361.64,187,0.0,0,0.0,14.36
2023-11-01 09:47:00,21.11,63.61,367.74,244,0.03,0,0.9,14.36
2023-11-01 09:48:00,21.19,63.29,368.89,246,0.3,0,0.9,14.36
2023-11-01 09:49:00,21.25,63.07,373.08,242,0.195,0,0.9,14.36
2023-11-01 09:50:00,21.27,63.0,373.08,239,0.3,0,0.9,14.36
2023-11-01 09:51:00,21.23,62.97,375.75,277,0.675,0,1.8,14.36
2023-11-01 09:52:00,21.26,63.25,375.37,320,0.48,0,0.9,14.36
2023-11-01 09:53:00,21.21,63.11,378.81,254,0.42,0,0.9,14.36
2023-11-01 09:54:00,21.32,63.04,381.86,250,0.03,0,0.9,14.36
2023-11-01 09:55:00,21.4,62.72,384.15,9,0.24,0,0.9,14.36
2023-11-01 09:56:00,21.47,62.64,383.38,146,0.195,0,0.9,14.36
2023-11-01 09:57:00,21.46,62.43,391.01,221,0.69,0,2.7,14.36
2023-11-01 09:58:00,21.42,62.6,394.45,262,0.57,0,0.9,14.36
2023-11-01 09:59:00,21.37,62.83,397.12,348,0.255,0,0.9,14.36
2023-11-01 10:00:00,21.39,62.89,398.26,249,0.39,0,1.8,14.32
2023-11-01 10:01:00,21.34,62.85,403.98,243,0.885,0,1.8,14.32
2023-11-01 10:02:00,21.33,63.09,402.46,251,0.015,0,0.9,14.36
2023-11-01 10:03:00,21.44,62.95,401.69,241,0.405,0,0.9,14.32
2023-11-01 10:04:00,21.52,62.83,403.6,236,0.27,0,0.9,14.32
2023-11-01 10:05:00,21.53,62.52,407.03,244,0.54,0,0.9,14.32
2023-11-01 10:06:00,21.52,62.54,410.09,223,0.315,0,0.9,14.32
2023-11-01 10:07:00,21.56,62.55,408.56,102,0.21,0,0.9,14.32
2023-11-01 10:08:00,21.59,62.29,408.94,0,0.57,0,0.9,14.32
2023-11-01 10:09:00,21.56,62.35,413.14,108,0.435,0,0.9,14.32
2023-11-01 10:10:00,21.53,62.47,415.81,131,0.465,0,0.9,14.32
2023-11-01 10:11:00,21.6,62.5,418.1,124,0.24,0,0.9,14.32
2023-11-01 10:12:00,21.66,62.25,419.62,130,0.6,0,1.8,14.32
2023-11-01 10:13:00,21.7,62.01,421.53,312,0.405,0,0.9,14.32
2023-11-01 10:14:00,21.64,62.03,422.29,158,0.6,0,1.8,14.32
2023-11-01 10:15:00,21.66,62.22,424.2,268,0.45,0,0.9,14.32
2023-11-01 10:16:00,21.63,62.28,425.35,262,0.6,0,0.9,14.32
2023-11-01 10:17:00,21.59,62.5,428.02,0,0.72,0,1.8,14.32
2023-11-01 10:18:00,21.57,62.38,432.21,66,0.75,0,1.8,14.32
2023-11-01 10:19:00,21.6,62.34,433.74,222,0.48,0,0.9,14.32
2023-11-01 10:20:00,21.61,62.42,436.79,298,0.465,0,0.9,14.32
2023-11-01 10:21:00,21.59,62.59,440.99,251,0.465,0,1.8,14.32
2023-11-01 10:22:00,21.63,62.32,440.99,286,0.63,0,1.8,14.32
2023-11-01 10:23:00,21.59,62.49,439.84,333,0.66,0,1.8,14.32
2023-11-01 10:24:00,21.6,62.43,442.13,58,0.645,0,0.9,14.32
2023-11-01 10:25:00,21.64,62.36,449.0,260,0.465,0,0.9,14.32
2023-11-01 10:26:00,21.67,62.39,450.14,2,0.24,0,0.9,14.32
2023-11-01 10:27:00,21.77,62.25,447.09,246,0.36,0,1.8,14.32
2023-11-01 10:28:00,21.8,61.96,449.76,281,0.48,0,0.9,14.32
2023-11-01 10:29:00,21.85,61.73,450.52,155,0.51,0,1.8,14.32
2023-11-01 10:30:00,21.91,61.65,454.34,70,0.465,0,0.9,14.32
2023-11-01 10:31:00,21.97,61.46,455.48,15,0.42,0,0.9,14.32
2023-11-01 10:32:00,21.98,61.53,458.92,300,0.465,0,0.9,14.32
2023-11-01 10:33:00,21.9,61.59,457.77,51,0.9,0,1.8,14.32
2023-11-01 10:34:00,21.88,61.83,459.68,143,0.525,0,1.8,14.32
2023-11-01 10:35:00,21.92,61.62,465.02,176,0.54,0,1.8,14.32
2023-11-01 10:36:00,22.0,61.46,466.54,213,0.27,0,0.9,14.32
2023-11-01 10:37:00,22.07,61.35,463.87,103,0.51,0,0.9,14.32
2023-11-01 10:38:00,22.12,61.21,464.64,262,0.225,0,0.9,14.32
2023-11-01 10:39:00,22.2,61.12,465.02,283,0.285,0,0.9,14.28
2023-11-01 10:40:00,22.28,60.96,474.56,298,0.045,0,0.9,14.28
2023-11-01 10:41:00,22.38,60.63,474.94,265,0.21,0,0.9,14.28
2023-11-01 10:42:00,22.46,60.33,473.79,260,0.24,0,0.9,14.28
2023-11-01 10:43:00,22.52,59.93,475.7,163,0.165,0,0.9,14.28
2023-11-01 10:44:00,22.63,59.77,480.28,123,0.03,0,0.9,14.28
2023-11-01 10:45:00,22.73,59.45,477.23,213,0.21,0,0.9,14.28
2023-11-01 10:46:00,22.76,59.24,481.04,164,0.42,0,0.9,14.28
2023-11-01 10:47:00,22.79,59.29,479.9,33,0.15,0,0.9,14.28
2023-11-01 10:48:00,22.8,59.03,477.99,99,0.33,0,0.9,14.28
2023-11-01 10:49:00,22.83,58.9,484.09,313,0.45,0,0.9,14.28
2023-11-01 10:50:00,22.73,58.96,484.09,248,0.66,0,0.9,14.28
2023-11-01 10:51:00,22.62,59.34,486.76,165,0.735,0,1.8,14.28
2023-11-01 10:52:00,22.58,59.59,490.96,243,0.495,0,0.9,14.28
2023-11-01 10:53:00,22.56,59.78,488.67,115,0.375,0,1.8,14.28
2023-11-01 10:54:00,22.55,59.73,492.1,108,0.57,0,0.9,14.28
2023-11-01 10:55:00,22.53,59.62,490.96,265,0.75,0,1.8,14.28
2023-11-01 10:56:00,22.48,59.95,492.48,351,0.525,0,1.8,14.28
2023-11-01 10:57:00,22.46,59.99,495.54,263,0.195,0,0.9,14.28
2023-11-01 10:58:00,22.48,59.86,498.59,137,0.69,0,1.8,14.28
2023-11-01 10:59:00,22.48,60.01,500.5,317,0.51,0,1.8,14.28
2023-11-01 11:00:00,22.51,59.96,500.5,340,0.18,0,0.9,14.28
2023-11-01 11:01:00,22.51,59.99,495.54,337,0.435,0,0.9,14.28
2023-11-01 11:02:00,22.55,59.62,499.35,286,0.645,0,1.8,14.28
2023-11-01 11:03:00,22.55,59.73,500.5,103,0.255,0,0.9,14.28
2023-11-01 11:04:00,22.58,59.74,499.73,316,0.39,0,0.9,14.28
2023-11-01 11:05:00,22.65,59.68,503.55,266,0.465,0,0.9,14.28
2023-11-01 11:06:00,22.75,59.22,498.59,267,0.285,0,0.9,14.28
2023-11-01 11:07:00,22.79,59.1,501.26,0,0.465,0,1.8,14.28
2023-11-01 11:08:00,22.79,59.08,505.84,0,0.615,0,1.8,14.28
2023-11-01 11:09:00,22.75,59.12,505.46,94,0.6,0,0.9,14.28
2023-11-01 11:10:00,22.72,59.3,506.98,240,0.645,0,1.8,14.28
2023-11-01 11:11:00,22.7,59.36,504.69,354,0.675,0,1.8,14.28
2023-11-01 11:12:00,22.63,59.55,506.6,0,0.27,0,0.9,14.28
2023-11-01 11:13:00,22.65,59.63,513.85,114,0.51,0,0.9,14.28
2023-11-01 11:14:00,22.69,59.42,516.14,175,0.66,0,1.8,14.28
2023-11-01 11:15:00,22.73,59.52,516.52,139,0.27,0,1.8,14.28
2023-11-01 11:16:00,22.85,59.25,517.28,322,0.255,0,0.9,14.28
2023-11-01 11:17:00,22.87,58.92,515.75,93,0.33,0,0.9,14.28
2023-11-01 11:18:00,22.96,58.9,518.04,112,0.18,0,0.9,14.28
2023-11-01 11:19:00,23.0,58.64,512.7,128,0.33,0,1.8,14.28
2023-11-01 11:20:00,23.13,58.47,516.52,289,0.06,0,0.9,14.28
2023-11-01 11:21:00,23.17,58.28,518.81,48,0.585,0,0.9,14.28
2023-11-01 11:22:00,23.2,58.28,511.94,178,0.15,0,0.9,14.28
2023-11-01 11:23:00,23.24,57.9,516.14,335,0.21,0,0.9,14.28
2023-11-01 11:24:00,23.21,58.02,519.19,172,0.525,0,0.9,14.28
2023-11-01 11:25:00,23.3,57.96,528.34,227,0.315,0,0.9,14.28
2023-11-01 11:26:00,23.33,57.71,524.91,250,0.645,0,1.8,14.28
2023-11-01 11:27:00,23.26,57.82,519.57,270,0.57,0,1.8,14.28
2023-11-01 11:28:00,23.29,58.17,523.38,280,0.36,0,0.9,14.28
2023-11-01 11:29:00,23.36,57.93,527.58,261,0.18,0,0.9,14.28
2023-11-01 11:30:00,23.44,57.89,525.29,261,0.135,0,0.9,14.28
2023-11-01 11:31:00,23.57,57.52,525.29,347,0.105,0,0.9,14.28
2023-11-01 11:32:00,23.55,57.26,519.95,115,0.48,0,1.8,14.28
2023-11-01 11:33:00,23.58,57.33,533.3,228,0.15,0,0.9,14.28
2023-11-01 11:34:00,23.64,57.12,530.25,232,0.36,0,1.8,14.28
2023-11-01 11:35:00,23.75,56.77,529.49,69,0.135,0,0.9,14.28
2023-11-01 11:36:00,23.72,56.72,531.01,38,0.615,0,1.8,14.28
2023-11-01 11:37:00,23.82,56.48,528.73,128,0.3,0,0.9,14.28
2023-11-01 11:38:00,23.81,56.75,529.87,119,0.18,0,0.9,14.28
2023-11-01 11:39:00,23.84,56.44,524.91,270,0.885,0,1.8,14.28
2023-11-01 11:40:00,23.82,56.59,529.87,40,0.345,0,0.9,14.28
2023-11-01 11:41:00,23.82,56.53,531.01,314,0.585,0,1.8,14.24
2023-11-01 11:42:00,23.88,56.84,533.3,303,0.06,0,0.9,14.24
2023-11-01 11:43:00,23.98,56.43,534.83,120,0.255,0,0.9,14.28
2023-11-01 11:44:00,24.03,56.15,534.45,104,0.525,0,1.8,14.24
2023-11-01 11:45:00,24.12,56.0,542.84,267,0.285,0,0.9,14.24
2023-11-01 11:46:00,24.28,55.71,543.6,262,0.075,0,0.9,14.24
2023-11-01 11:47:00,24.36,55.14,544.37,317,0.075,0,0.9,14.24
2023-11-01 11:48:00,24.4,55.06,547.42,123,0.195,0,0.9,14.24
2023-11-01 11:49:00,24.4,54.87,549.71,97,0.54,0,1.8,14.24
2023-11-01 11:50:00,24.33,55.07,545.89,261,0.66,0,1.8,14.24
2023-11-01 11:51:00,24.29,55.37,548.56,118,0.36,0,0.9,14.24
2023-11-01 11:52:00,24.29,55.51,543.22,91,0.315,0,0.9,14.24
2023-11-01 11:53:00,24.33,55.52,542.84,122,0.3,0,0.9,14.24
2023-11-01 11:54:00,24.35,55.35,550.85,122,0.345,0,0.9,14.24
2023-11-01 11:55:00,24.28,55.38,546.65,94,0.975,0,1.8,14.24
2023-11-01 11:56:00,24.23,55.43,542.84,39,0.54,0,0.9,14.24
2023-11-01 11:57:00,24.18,55.67,545.89,276,0.39,0,0.9,14.24
2023-11-01 11:58:00,24.15,55.74,551.23,248,0.495,0,1.8,14.24
2023-11-01 11:59:00,24.2,55.96,552.0,224,0.09,0,0.9,14.24
2023-11-01 12:00:00,24.35,55.32,553.9,214,0.03,0,0.9,14.24
2023-11-01 12:01:00,24.43,55.05,552.38,216,0.105,0,0.9,14.24
2023-11-01 12:02:00,24.5,55.01,547.42,219,0.015,0,0.9,14.24
2023-11-01 12:03:00,24.6,54.76,552.0,216,0.0,0,0.0,14.24
2023-11-01 12:04:00,24.81,54.33,550.85,176,0.075,0,0.9,14.24
2023-11-01 12:05:00,24.94,54.02,553.52,212,0.165,0,0.9,14.24
2023-11-01 12:06:00,25.05,54.15,556.19,154,0.21,0,0.9,14.24
2023-11-01 12:07:00,25.05,53.59,561.53,340,0.9,0,1.8,14.24
2023-11-01 12:08:00,25.01,53.72,561.53,359,0.345,0,0.9,14.24
2023-11-01 12:09:00,25.02,53.77,558.48,0,0.225,0,0.9,14.24
2023-11-01 12:10:00,25.1,53.76,560.39,317,0.165,0,0.9,14.24
2023-11-01 12:11:00,25.11,53.45,558.48,0,0.345,0,0.9,14.24
2023-11-01 12:12:00,25.07,53.71,559.24,180,0.435,0,0.9,14.24
2023-11-01 12:13:00,25.05,53.71,561.53,90,0.495,0,1.8,14.24
2023-11-01 12:14:00,25.04,53.83,555.05,231,0.465,0,0.9,14.24
2023-11-01 12:15:00,25.07,53.85,559.24,13,0.57,0,1.8,14.24
2023-11-01 12:16:00,25.05,53.75,556.95,200,0.525,0,2.7,14.24
2023-11-01 12:17:00,24.91,54.01,561.91,43,0.885,0,1.8,14.24
2023-11-01 12:18:00,24.86,54.31,563.06,69,0.42,0,0.9,14.24
2023-11-01 12:19:00,24.88,54.31,560.01,225,0.57,0,2.7,14.24
2023-11-01 12:20:00,24.97,54.12,558.86,273,0.45,0,1.8,14.24
2023-11-01 12:21:00,25.07,54.22,556.57,11,0.21,0,0.9,14.24
2023-11-01 12:22:00,25.24,53.56,558.86,325,0.42,0,0.9,14.24
2023-11-01 12:23:00,25.28,53.56,564.97,326,0.33,0,0.9,14.24
2023-11-01 12:24:00,25.31,53.14,565.35,77,0.225,0,0.9,14.24
2023-11-01 12:25:00,25.39,53.05,561.91,84,0.18,0,0.9,14.24
2023-11-01 12:26:00,25.53,52.46,559.62,110,0.24,0,0.9,14.24
2023-11-01 12:27:00,25.64,52.17,556.95,238,0.225,0,0.9,14.24
2023-11-01 12:28:00,25.7,51.96,554.67,191,0.51,0,1.8,14.24
2023-11-01 12:29:00,25.69,51.98,554.67,62,0.78,0,1.8,14.24
2023-11-01 12:30:00,25.72,52.22,561.91,351,0.33,0,0.9,14.24
2023-11-01 12:31:00,25.83,51.87,559.62,19,0.3,0,0.9,14.24
2023-11-01 12:32:00,25.92,51.62,547.04,238,0.42,0,1.8,14.24
2023-11-01 12:33:00,26.0,51.2,547.04,165,0.315,0,0.9,14.24
2023-11-01 12:34:00,26.07,51.01,548.94,210,0.18,0,0.9,14.24
2023-11-01 12:35:00,26.12,50.71,555.05,60,1.02,0,2.7,14.24
2023-11-01 12:36:00,25.92,51.31,558.86,93,1.065,0,2.7,14.24
2023-11-01 12:37:00,25.86,51.54,534.07,231,0.6,0,1.8,14.24
2023-11-01 12:38:00,25.86,51.4,544.75,2,0.57,0,0.9,14.24
2023-11-01 12:39:00,25.86,51.37,535.21,177,0.555,0,0.9,14.24
2023-11-01 12:40:00,25.88,51.53,545.13,107,0.705,0,1.8,14.24
2023-11-01 12:41:00,25.89,51.49,540.55,358,0.48,0,0.9,14.24
2023-11-01 12:42:00,25.93,51.38,536.35,269,0.195,0,0.9,14.24
2023-11-01 12:43:00,25.99,51.03,538.64,164,0.18,0,0.9,14.24
2023-11-01 12:44:00,26.01,48.98,534.45,106,0.66,0,1.8,14.24
2023-11-01 12:45:00,25.99,49.83,539.02,97,0.585,0,1.8,14.24
2023-11-01 12:46:00,26.0,49.49,533.68,322,0.795,0,1.8,14.24
2023-11-01 12:47:00,26.06,48.97,510.8,148,0.705,0,1.8,14.24
2023-11-01 12:48:00,26.03,49.2,515.37,38,0.705,0,1.8,14.24
2023-11-01 12:49:00,26.04,49.21,530.25,4,0.675,0,1.8,14.24
2023-11-01 12:50:00,26.07,49.43,540.17,199,0.66,0,1.8,14.24
2023-11-01 12:51:00,26.1,49.17,548.18,150,0.45,0,0.9,14.24
2023-11-01 12:52:00,26.12,48.96,548.94,238,0.795,0,1.8,14.24
2023-11-01 12:53:00,26.16,48.67,498.59,112,0.42,0,1.8,14.24
2023-11-01 12:54:00,26.17,48.38,556.57,218,0.705,0,1.8,14.24
2023-11-01 12:55:00,26.26,48.24,557.72,194,0.315,0,0.9,14.24
2023-11-01 12:56:00,26.24,48.47,552.38,329,0.99,0,2.7,14.24
2023-11-01 12:57:00,26.2,48.62,553.52,213,0.825,0,1.8,14.24
2023-11-01 12:58:00,26.19,48.73,554.67,167,0.615,0,0.9,14.24
2023-11-01 12:59:00,26.2,48.81,548.18,98,0.645,0,1.8,14.24
2023-11-01 13:00:00,26.27,48.9,540.93,231,0.48,0,1.8,14.24
2023-11-01 13:01:00,26.26,48.65,439.84,278,0.9,0,2.7,14.24
2023-11-01 13:02:00,26.24,48.51,550.47,334,0.855,0,1.8,14.24
2023-11-01 13:03:00,26.3,48.27,561.15,100,0.795,0,1.8,14.24
2023-11-01 13:04:00,26.38,48.22,558.86,56,0.33,0,0.9,14.24
2023-11-01 13:05:00,26.4,48.2,556.57,278,1.14,0,1.8,14.24
2023-11-01 13:06:00,26.46,48.32,561.91,140,0.405,0,1.8,14.24
2023-11-01 13:07:00,26.55,47.93,556.57,62,0.585,0,1.8,14.24
2023-11-01 13:08:00,26.6,48.04,550.85,244,0.78,0,2.7,14.24
2023-11-01 13:09:00,26.6,47.82,551.61,319,1.035,0,3.6,14.24
2023-11-01 13:10:00,26.57,47.91,559.62,187,0.66,0,1.8,14.24
2023-11-01 13:11:00,26.6,48.02,559.62,117,0.39,0,0.9,14.24
2023-11-01 13:12:00,26.63,47.11,558.86,120,1.11,0,2.7,14.24
2023-11-01 13:13:00,26.65,47.32,552.38,0,0.48,0,1.8,14.24
2023-11-01 13:14:00,26.67,47.21,550.47,296,0.585,0,0.9,14.24
2023-11-01 13:15:00,26.68,46.88,548.56,10,1.155,0,2.7,14.24
2023-11-01 13:16:00,26.48,47.56,548.18,219,1.185,0,3.6,14.24
2023-11-01 13:17:00,26.51,47.75,547.04,238,0.855,0,1.8,14.24
2023-11-01 13:18:00,26.5,47.68,543.22,140,0.75,0,1.8,14.24
2023-11-01 13:19:00,26.51,47.7,543.22,213,0.51,0,0.9,14.24
2023-11-01 13:20:00,26.48,47.76,535.59,145,0.96,0,1.8,14.24
2023-11-01 13:21:00,26.5,47.75,543.98,43,0.54,0,0.9,14.24
2023-11-01 13:22:00,26.54,47.7,541.7,5,0.39,0,1.8,14.24
2023-11-01 13:23:00,26.7,47.44,529.11,146,0.285,0,0.9,14.24
2023-11-01 13:24:00,26.81,46.94,526.44,195,0.525,0,0.9,14.24
2023-11-01 13:25:00,26.75,47.07,528.73,51,0.93,0,1.8,14.24
2023-11-01 13:26:00,26.67,47.2,529.11,20,1.005,0,1.8,14.24
2023-11-01 13:27:00,26.57,47.61,529.49,172,0.885,0,1.8,14.24
2023-11-01 13:28:00,26.55,47.51,532.16,309,0.87,0,1.8,14.24
2023-11-01 13:29:00,26.57,47.55,531.78,184,0.48,0,0.9,14.24
2023-11-01 13:30:00,26.58,47.69,524.91,132,0.375,0,0.9,14.24
2023-11-01 13:31:00,26.71,47.37,525.29,161,0.12,0,0.9,14.24
2023-11-01 13:32:00,26.82,47.21,521.86,315,0.645,0,1.8,14.24
2023-11-01 13:33:00,26.88,46.93,519.95,335,0.39,0,0.9,14.24
2023-11-01 13:34:00,26.94,46.87,514.61,237,0.63,0,1.8,14.24
2023-11-01 13:35:00,26.92,46.78,509.27,33,0.6,0,0.9,14.24
2023-11-01 13:36:00,26.91,47.04,499.73,314,0.51,0,0.9,14.24
2023-11-01 13:37:00,26.92,46.92,495.54,211,0.72,0,1.8,14.24
2023-11-01 13:38:00,26.92,46.4,505.07,59,1.035,0,2.7,14.24
2023-11-01 13:39:00,26.73,46.5,494.77,183,1.185,0,2.7,14.24
2023-11-01 13:40:00,26.6,46.99,498.21,178,0.855,0,1.8,14.24
2023-11-01 13:41:00,26.6,47.19,494.39,111,0.525,0,0.9,14.24
2023-11-01 13:42:00,26.63,46.79,495.54,28,0.645,0,1.8,14.24
2023-11-01 13:43:00,26.54,47.09,488.67,319,0.63,0,1.8,14.24
2023-11-01 13:44:00,26.52,47.21,488.67,0,0.705,0,1.8,14.24
2023-11-01 13:45:00,26.54,47.41,493.63,67,0.45,0,1.8,14.24
2023-11-01 13:46:00,26.7,47.1,495.16,11,0.285,0,0.9,14.24
2023-11-01 13:47:00,26.74,46.92,483.33,336,0.615,0,0.9,14.24
2023-11-01 13:48:00,26.71,46.82,468.83,35,0.705,0,1.8,14.24
2023-11-01 13:49:00,26.71,47.08,486.0,52,0.525,0,0.9,14.24
2023-11-01 13:50:00,26.71,46.88,479.51,211,0.585,0,1.8,14.24
2023-11-01 13:51:00,26.67,46.75,496.3,83,0.825,0,1.8,14.24
2023-11-01 13:52:00,26.68,46.93,497.06,132,0.915,0,2.7,14.24
2023-11-01 13:53:00,26.61,47.16,490.96,62,0.96,0,1.8,14.24
2023-11-01 13:54:00,26.65,47.26,492.1,136,0.45,0,0.9,14.24
2023-11-01 13:55:00,26.82,46.89,485.24,50,0.12,0,0.9,14.24
2023-11-01 13:56:00,26.89,46.43,478.75,268,0.78,0,1.8,14.24
2023-11-01 13:57:00,26.77,46.83,477.99,285,0.885,0,1.8,14.24
2023-11-01 13:58:00,26.65,47.4,479.13,98,0.72,0,1.8,14.24
2023-11-01 13:59:00,26.71,47.03,475.7,297,0.405,0,1.8,14.24
2023-11-01 14:00:00,26.82,46.72,465.4,223,0.6,0,1.8,14.24
2023-11-01 14:01:00,26.88,47.03,467.69,158,0.45,0,1.8,14.24
2023-11-01 14:02:00,27.01,46.68,465.02,158,0.21,0,0.9,14.24
2023-11-01 14:03:00,27.11,46.44,471.89,107,0.54,0,1.8,14.24
2023-11-01 14:04:00,27.16,46.44,473.03,0,0.48,0,0.9,14.24
2023-11-01 14:05:00,27.33,46.29,465.78,74,0.135,0,0.9,14.24
2023-11-01 14:06:00,27.43,45.82,456.63,166,0.27,0,0.9,14.24
2023-11-01 14:07:00,27.46,45.76,430.3,90,0.435,0,0.9,14.24
2023-11-01 14:08:00,27.52,45.73,450.14,175,0.12,0,0.9,14.24
2023-11-01 14:09:00,27.53,45.67,455.86,105,0.42,0,1.8,14.24
2023-11-01 14:10:00,27.57,45.73,445.94,281,0.615,0,1.8,14.24
2023-11-01 14:11:00,27.54,45.77,442.89,184,0.495,0,0.9,14.24
2023-11-01 14:12:00,27.43,45.61,442.13,21,0.675,0,1.8,14.24
2023-11-01 14:13:00,27.28,45.22,443.66,208,0.915,0,2.7,14.24
2023-11-01 14:14:00,27.14,45.46,448.23,61,0.705,0,1.8,14.24
2023-11-01 14:15:00,26.89,45.91,449.38,139,0.87,0,1.8,14.24
2023-11-01 14:16:00,26.82,46.18,440.99,82,0.63,0,1.8,14.24
2023-11-01 14:17:00,26.89,46.25,431.07,71,0.33,0,0.9,14.24
2023-11-01 14:18:00,26.94,46.11,434.12,95,0.63,0,1.8,14.24
2023-11-01 14:19:00,26.82,46.38,442.13,0,1.08,0,2.7,14.24
2023-11-01 14:20:00,26.84,46.35,434.88,263,0.585,0,1.8,14.24
2023-11-01 14:21:00,26.95,46.1,437.55,227,0.135,0,0.9,14.24
2023-11-01 14:22:00,26.92,46.29,408.94,144,0.6,0,1.8,14.24
2023-11-01 14:23:00,26.82,46.61,420.77,295,0.57,0,1.8,14.24
2023-11-01 14:24:00,26.87,46.54,427.63,194,0.81,0,1.8,14.24
2023-11-01 14:25:00,26.81,46.75,401.31,213,0.72,0,1.8,14.24
2023-11-01 14:26:00,26.77,46.79,170.52,278,0.915,0,2.7,14.17
2023-11-01 14:27:00,26.48,47.39,371.56,45,0.99,0,2.7,14.24
2023-11-01 14:28:00,26.34,47.9,251.77,129,0.675,0,1.8,14.24
2023-11-01 14:29:00,26.33,47.84,404.75,199,0.345,0,0.9,14.24
2023-11-01 14:30:00,26.41,47.82,406.27,181,0.345,0,0.9,14.24
2023-11-01 14:31:00,26.46,47.82,404.75,224,0.66,0,1.8,14.24
2023-11-01 14:32:00,26.48,47.67,378.81,30,0.795,0,1.8,14.24
2023-11-01 14:33:00,26.48,47.57,361.26,139,1.035,0,1.8,14.24
2023-11-01 14:34:00,26.33,47.93,160.22,92,0.72,0,1.8,14.24
2023-11-01 14:35:00,26.09,48.57,313.95,209,0.99,0,1.8,14.24
2023-11-01 14:36:00,25.93,49.12,399.79,218,1.065,0,2.7,14.24
2023-11-01 14:37:00,25.99,49.16,382.62,280,0.705,0,1.8,14.24
2023-11-01 14:38:00,26.03,49.2,376.13,249,0.78,0,1.8,14.24
2023-11-01 14:39:00,26.03,49.25,383.76,214,0.795,0,1.8,14.24
2023-11-01 14:40:00,26.1,49.04,406.27,130,0.645,0,1.8,14.24
2023-11-01 14:41:00,26.17,48.61,417.72,294,1.2,0,3.6,14.24
2023-11-01 14:42:00,26.24,48.68,421.53,135,0.435,0,1.8,14.24
2023-11-01 14:43:00,26.33,48.65,418.48,313,0.945,0,2.7,14.24
2023-11-01 14:44:00,26.3,48.52,396.73,263,0.96,0,2.7,14.24
2023-11-01 14:45:00,26.31,48.63,397.12,161,0.72,0,1.8,14.24
2023-11-01 14:46:00,26.43,48.58,391.78,177,0.195,0,0.9,14.24
2023-11-01 14:47:00,26.44,48.28,397.12,159,1.05,0,1.8,14.24
2023-11-01 14:48:00,26.4,48.43,384.91,333,0.825,0,1.8,14.24
2023-11-01 14:49:00,26.33,48.52,376.13,298,1.485,0,2.7,14.24
2023-11-01 14:50:00,26.24,48.78,364.69,21,0.975,0,1.8,14.24
2023-11-01 14:51:00,26.21,48.93,368.89,255,0.765,0,1.8,14.24
2023-11-01 14:52:00,26.23,48.81,372.32,0,0.885,0,2.7,14.24
2023-11-01 14:53:00,26.2,49.0,351.72,226,1.035,0,1.8,14.24
2023-11-01 14:54:00,26.19,48.86,357.06,6,0.735,0,1.8,14.24
2023-11-01 14:55:00,26.19,48.87,359.35,69,0.765,0,2.7,14.24
2023-11-01 14:56:00,26.24,48.83,360.11,247,0.675,0,1.8,14.24
2023-11-01 14:57:00,26.28,48.94,360.88,165,0.645,0,1.8,14.24
2023-11-01 14:58:00,26.26,48.98,364.69,171,1.065,0,2.7,14.24
2023-11-01 14:59:00,26.28,48.91,365.07,37,0.525,0,1.8,14.24
2023-11-01 15:00:00,26.31,48.78,357.44,7,0.735,0,1.8,14.24
2023-11-01 15:01:00,26.33,48.82,358.97,223,0.6,0,1.8,14.24
2023-11-01 15:02:00,26.38,48.78,355.15,57,0.675,0,1.8,14.24
2023-11-01 15:03:00,26.27,48.85,352.48,273,1.41,0,2.7,14.24
2023-11-01 15:04:00,26.23,49.1,349.05,33,0.39,0,1.8,14.24
2023-11-01 15:05:00,26.27,48.71,349.05,240,0.87,0,2.7,14.24
2023-11-01 15:06:00,26.21,48.84,353.63,25,1.035,0,1.8,14.24
2023-11-01 15:07:00,26.16,49.02,351.34,208,0.855,0,1.8,14.24
2023-11-01 15:08:00,26.13,49.25,335.7,31,0.84,0,1.8,14.24
2023-11-01 15:09:00,26.15,49.33,331.88,7,0.57,0,1.8,14.24
2023-11-01 15:10:00,26.16,49.23,337.99,296,0.42,0,0.9,14.24
2023-11-01 15:11:00,26.24,49.14,329.59,228,0.6,0,2.7,14.24
2023-11-01 15:12:00,26.2,49.34,309.76,27,0.99,0,1.8,14.24
2023-11-01 15:13:00,26.21,49.56,319.68,154,1.02,0,1.8,14.24
2023-11-01 15:14:00,26.24,49.34,325.4,94,0.645,0,1.8,14.24
2023-11-01 15:15:00,26.2,49.18,321.58,193,1.2,0,2.7,14.24
2023-11-01 15:16:00,26.17,49.39,315.86,106,1.02,0,2.7,14.24
2023-11-01 15:17:00,26.21,49.35,311.67,316,0.72,0,1.8,14.24
2023-11-01 15:18:00,26.21,49.39,304.42,85,0.54,0,1.8,14.24
2023-11-01 15:19:00,26.28,49.27,304.8,263,0.45,0,1.8,14.24
2023-11-01 15:20:00,26.33,49.2,299.84,266,0.555,0,0.9,14.24
2023-11-01 15:21:00,26.33,49.24,299.08,197,0.765,0,1.8,14.24
2023-11-01 15:22:00,26.33,49.33,299.46,270,0.63,0,1.8,14.24
2023-11-01 15:23:00,26.33,49.19,297.93,291,0.54,0,0.9,14.24
2023-11-01 15:24:00,26.31,49.12,296.41,177,0.525,0,1.8,14.24
2023-11-01 15:25:00,26.27,49.25,295.64,190,0.69,0,1.8,14.24
2023-11-01 15:26:00,26.21,49.33,290.68,299,0.75,0,1.8,14.24
2023-11-01 15:27:00,26.17,49.26,286.11,344,0.795,0,1.8,14.24
2023-11-01 15:28:00,26.12,48.69,283.44,325,0.855,0,2.7,14.24
2023-11-01 15:29:00,26.03,48.8,284.58,337,1.38,0,2.7,14.24
2023-11-01 15:30:00,25.92,48.85,283.05,281,0.99,0,2.7,14.24
2023-11-01 15:31:00,25.99,48.86,279.62,354,0.285,0,0.9,14.24
2023-11-01 15:32:00,25.93,48.41,276.95,188,0.825,0,1.8,14.24
2023-11-01 15:33:00,25.96,48.36,273.14,224,0.525,0,0.9,14.24
2023-11-01 15:34:00,26.01,48.15,271.61,246,0.63,0,1.8,14.24
2023-11-01 15:35:00,26.09,48.09,268.56,323,0.465,0,0.9,14.24
2023-11-01 15:36:00,26.12,47.76,264.74,244,0.405,0,0.9,14.24
2023-11-01 15:37:00,26.2,47.6,263.22,149,0.27,0,0.9,14.24
2023-11-01 15:38:00,26.27,47.21,259.4,297,0.705,0,1.8,14.24
2023-11-01 15:39:00,26.19,47.26,256.73,55,0.9,0,1.8,14.24
2023-11-01 15:40:00,26.1,47.41,253.68,241,0.66,0,1.8,14.24
2023-11-01 15:41:00,26.15,47.47,250.63,88,0.48,0,0.9,14.24
2023-11-01 15:42:00,26.06,47.41,249.1,179,0.855,0,1.8,14.24
2023-11-01 15:43:00,25.96,47.78,246.43,199,0.585,0,1.8,14.24
2023-11-01 15:44:00,25.92,48.02,243.38,177,0.945,0,2.7,14.24
2023-11-01 15:45:00,25.78,48.45,240.71,228,1.14,0,1.8,14.24
2023-11-01 15:46:00,25.66,48.78,234.99,329,0.495,0,0.9,14.24
2023-11-01 15:47:00,25.61,49.09,232.7,280,0.645,0,1.8,14.24
2023-11-01 15:48:00,25.53,49.39,230.79,222,0.42,0,0.9,14.24
2023-11-01 15:49:00,25.44,49.89,226.98,21,0.645,0,1.8,14.24
2023-11-01 15:50:00,25.38,50.21,209.43,3,0.135,0,0.9,14.24
2023-11-01 15:51:00,25.28,50.29,159.84,116,0.78,0,1.8,14.24
2023-11-01 15:52:00,25.17,50.5,113.3,313,0.735,0,0.9,14.24
2023-11-01 15:53:00,25.1,50.54,104.52,314,0.81,0,1.8,14.24
2023-11-01 15:54:00,25.02,50.32,103.0,353,0.93,0,1.8,14.24
2023-11-01 15:55:00,24.97,50.67,102.24,105,0.975,0,1.8,14.24
2023-11-01 15:56:00,24.91,50.8,101.09,134,0.885,0,3.6,14.24
2023-11-01 15:57:00,24.83,51.08,100.33,238,0.765,0,1.8,14.24
2023-11-01 15:58:00,24.87,51.16,98.8,209,0.075,0,0.9,14.24
2023-11-01 15:59:00,24.88,51.28,97.66,90,0.405,0,1.8,14.24
2023-11-01 16:00:00,24.83,51.64,97.28,356,0.675,0,0.9,14.24
2023-11-01 16:01:00,24.79,51.73,96.51,232,0.465,0,0.9,14.24
2023-11-01 16:02:00,24.8,51.88,95.37,112,0.3,0,0.9,14.24
2023-11-01 16:03:00,24.83,51.97,94.61,151,0.225,0,0.9,14.24
2023-11-01 16:04:00,24.8,51.95,93.08,344,0.705,0,1.8,14.24
2023-11-01 16:05:00,24.8,52.11,91.94,254,0.435,0,0.9,14.24
2023-11-01 16:06:00,24.74,52.23,90.79,196,0.54,0,0.9,14.24
2023-11-01 16:07:00,24.7,52.38,89.65,177,0.525,0,0.9,14.24
2023-11-01 16:08:00,24.7,52.18,88.5,352,0.81,0,2.7,14.24
2023-11-01 16:09:00,24.63,52.34,87.74,169,1.155,0,2.7,14.24
2023-11-01 16:10:00,24.57,52.18,86.59,35,0.81,0,1.8,14.24
2023-11-01 16:11:00,24.54,52.23,85.83,210,0.705,0,1.8,14.24
2023-11-01 16:12:00,24.51,52.12,84.69,77,1.32,0,3.6,14.24
2023-11-01 16:13:00,24.47,52.08,83.92,331,0.675,0,1.8,14.24
2023-11-01 16:14:00,24.47,52.29,83.16,80,0.51,0,0.9,14.24
2023-11-01 16:15:00,24.49,52.37,82.02,107,0.315,0,0.9,14.24
2023-11-01 16:16:00,24.49,52.43,80.87,109,0.15,0,0.9,14.24
2023-11-01 16:17:00,24.5,52.26,80.11,214,0.315,0,0.9,14.24
2023-11-01 16:18:00,24.51,52.14,78.97,307,0.66,0,1.8,14.24
2023-11-01 16:19:00,24.47,52.42,78.58,59,0.945,0,2.7,14.24
2023-11-01 16:20:00,24.42,52.42,77.44,90,0.675,0,1.8,14.24
2023-11-01 16:21:00,24.4,52.54,76.3,207,0.735,0,1.8,14.24
2023-11-01 16:22:00,24.35,52.41,75.15,318,1.005,0,2.7,14.24
2023-11-01 16:23:00,24.28,52.5,74.39,28,0.315,0,0.9,14.24
2023-11-01 16:24:00,24.32,52.62,73.24,146,0.495,0,0.9,14.24
2023-11-01 16:25:00,24.28,52.6,72.48,218,0.735,0,2.7,14.28
2023-11-01 16:26:00,24.25,52.72,71.72,114,0.405,0,0.9,14.24
2023-11-01 16:27:00,24.23,52.82,70.95,274,0.69,0,1.8,14.24
2023-11-01 16:28:00,24.22,52.94,70.57,171,0.42,0,0.9,14.24
2023-11-01 16:29:00,24.18,52.79,69.43,284,0.525,0,1.8,14.28
2023-11-01 16:30:00,24.13,52.98,68.67,12,0.795,0,1.8,14.24
2023-11-01 16:31:00,24.13,53.15,67.9,121,0.555,0,1.8,14.24
2023-11-01 16:32:00,24.12,53.37,66.76,0,0.555,0,1.8,14.24
2023-11-01 16:33:00,24.08,53.61,65.61,147,0.9,0,1.8,14.24
2023-11-01 16:34:00,24.03,53.73,64.85,146,0.21,0,0.9,14.24
2023-11-01 16:35:00,24.01,54.02,64.47,214,0.6,0,0.9,14.24
2023-11-01 16:36:00,24.01,54.34,63.32,119,0.225,0,0.9,14.24
2023-11-01 16:37:00,23.98,54.35,62.94,32,0.855,0,1.8,14.24
2023-11-01 16:38:00,23.95,54.49,61.8,22,0.54,0,1.8,14.24
2023-11-01 16:39:00,23.92,54.67,60.65,200,0.495,0,0.9,14.24
2023-11-01 16:40:00,23.92,54.68,59.51,109,0.33,0,0.9,14.24
2023-11-01 16:41:00,23.91,54.81,58.37,94,0.36,0,0.9,14.24
2023-11-01 16:42:00,23.89,54.89,57.22,139,0.285,0,0.9,14.24
2023-11-01 16:43:00,23.88,55.03,56.08,139,0.075,0,0.9,14.24
2023-11-01 16:44:00,23.88,55.06,54.93,325,0.225,0,0.9,14.21
2023-11-01 16:45:00,23.88,55.14,53.41,119,0.54,0,0.9,14.17
2023-11-01 16:46:00,23.82,55.19,52.64,23,0.48,0,1.8,14.13
2023-11-01 16:47:00,23.82,55.32,51.5,127,0.165,0,0.9,14.13
2023-11-01 16:48:00,23.77,55.37,50.35,313,0.315,0,0.9,14.09
2023-11-01 16:49:00,23.75,55.35,49.21,153,0.42,0,1.8,14.09
2023-11-01 16:50:00,23.68,55.22,48.07,202,0.45,0,0.9,14.09
2023-11-01 16:51:00,23.65,55.34,46.92,152,0.255,0,0.9,14.09
2023-11-01 16:52:00,23.64,55.45,45.78,71,0.375,0,0.9,14.09
2023-11-01 16:53:00,23.58,55.42,44.63,177,0.96,0,2.7,14.09
2023-11-01 16:54:00,23.58,55.62,43.87,81,0.405,0,0.9,14.09
2023-11-01 16:55:00,23.55,55.82,42.73,337,0.405,0,1.8,14.09
2023-11-01 16:56:00,23.55,55.81,41.58,169,0.165,0,0.9,14.09
2023-11-01 16:57:00,23.52,55.81,40.82,111,0.225,0,0.9,13.91
2023-11-01 16:58:00,23.5,55.92,39.67,115,0.375,0,0.9,13.83
2023-11-01 16:59:00,23.48,55.91,38.15,273,0.465,0,1.8,13.79
2023-11-01 17:00:00,23.45,56.01,37.38,349,0.15,0,0.9,13.79
2023-11-01 17:01:00,23.44,56.13,35.86,96,0.135,0,0.9,13.46
2023-11-01 17:02:00,23.41,56.16,34.71,154,0.33,0,0.9,13.46
2023-11-01 17:03:00,23.4,56.29,33.57,177,0.18,0,0.9,13.16
2023-11-01 17:04:00,23.34,56.37,32.04,281,0.12,0,0.9,13.16
2023-11-01 17:05:00,23.33,56.47,30.9,24,0.27,0,0.9,13.16
2023-11-01 17:06:00,23.29,56.55,30.14,112,0.105,0,0.9,13.16
2023-11-01 17:07:00,23.26,56.59,28.99,126,0.015,0,0.9,13.16
2023-11-01 17:08:00,23.24,56.73,27.47,71,0.06,0,0.9,13.16
2023-11-01 17:09:00,23.23,56.69,26.7,71,0.0,0,0.0,13.16
2023-11-01 17:10:00,23.21,56.69,25.56,36,0.075,0,0.9,13.16
2023-11-01 17:11:00,23.2,56.83,24.41,37,0.06,0,0.9,13.16
2023-11-01 17:12:00,23.16,56.95,23.27,42,0.03,0,0.9,13.16
2023-11-01 17:13:00,23.14,56.95,22.13,216,0.165,0,0.9,13.16
2023-11-01 17:14:00,23.14,57.08,21.36,198,0.105,0,0.9,13.16
2023-11-01 17:15:00,23.06,57.1,19.84,171,0.405,0,1.8,13.16
2023-11-01 17:16:00,23.03,57.22,19.07,164,0.12,0,0.9,13.16
2023-11-01 17:17:00,22.97,57.38,18.31,132,0.15,0,0.9,13.16
2023-11-01 17:18:00,22.99,57.49,16.78,228,0.15,0,0.9,13.16
2023-11-01 17:19:00,22.92,57.5,16.02,190,0.045,0,0.9,13.16
2023-11-01 17:20:00,22.9,57.5,14.88,51,0.135,0,0.9,13.16
2023-11-01 17:21:00,22.87,57.44,14.11,170,0.69,0,1.8,13.16
2023-11-01 17:22:00,22.85,57.46,13.35,239,0.27,0,0.9,13.16
2023-11-01 17:23:00,22.85,57.46,12.59,328,0.075,0,0.9,13.16
2023-11-01 17:24:00,22.83,57.54,11.44,193,0.345,0,0.9,13.16
2023-11-01 17:25:00,22.8,57.5,10.68,101,0.45,0,0.9,13.16
2023-11-01 17:26:00,22.8,57.5,9.92,283,0.54,0,1.8,13.16
2023-11-01 17:27:00,22.78,57.22,9.16,228,0.945,0,1.8,13.16
2023-11-01 17:28:00,22.78,57.36,8.39,27,0.825,0,1.8,13.16
2023-11-01 17:29:00,22.8,57.36,8.01,0,0.87,0,2.7,13.16
2023-11-01 17:30:00,22.78,57.52,7.25,26,0.15,0,0.9,13.16
2023-11-01 17:31:00,22.75,57.49,6.87,163,0.75,0,1.8,13.16
2023-11-01 17:32:00,22.73,57.55,5.72,292,0.84,0,1.8,13.16
2023-11-01 17:33:00,22.73,57.76,5.34,148,0.51,0,1.8,13.16
2023-11-01 17:34:00,22.69,57.73,4.58,149,0.495,0,0.9,13.16
2023-11-01 17:35:00,22.68,57.85,4.2,138,0.615,0,0.9,13.16
2023-11-01 17:36:00,22.66,57.93,3.81,121,0.375,0,0.9,13.12
2023-11-01 17:37:00,22.62,58.08,3.43,89,0.18,0,0.9,13.12
2023-11-01 17:38:00,22.59,58.26,3.05,38,0.24,0,0.9,13.12
2023-11-01 17:39:00,22.58,58.32,2.67,162,0.24,0,0.9,13.12
2023-11-01 17:40:00,22.55,58.43,2.29,188,0.105,0,0.9,13.12
2023-11-01 17:41:00,22.52,58.49,2.29,177,0.075,0,0.9,13.12
2023-11-01 17:42:00,22.48,58.58,1.53,186,0.045,0,0.9,13.12
2023-11-01 17:43:00,22.45,58.66,1.53,186,0.03,0,0.9,13.12
2023-11-01 17:44:00,22.43,58.77,1.53,184,0.09,0,0.9,13.12
2023-11-01 17:45:00,22.41,58.89,1.14,76,0.36,0,0.9,13.12
2023-11-01 17:46:00,22.38,58.99,0.76,329,0.225,0,0.9,13.12
2023-11-01 17:47:00,22.38,58.97,0.76,211,0.45,0,0.9,13.12
2023-11-01 17:48:00,22.36,59.15,0.0,306,0.51,0,0.9,13.12
2023-11-01 17:49:00,22.35,59.14,0.0,113,0.18,0,0.9,13.12
2023-11-01 17:50:00,22.38,59.17,0.0,30,0.51,0,1.8,13.12
2023-11-01 17:51:00,22.36,59.2,0.0,47,0.33,0,0.9,13.12
2023-11-01 17:52:00,22.35,59.37,0.0,302,0.435,0,0.9,13.12
2023-11-01 17:53:00,22.35,59.3,0.0,302,0.0,0,0.0,13.12
2023-11-01 17:54:00,22.31,59.51,0.0,137,0.105,0,0.9,13.12
2023-11-01 17:55:00,22.28,59.53,0.0,187,0.06,0,0.9,13.12
2023-11-01 17:56:00,22.25,59.69,0.0,200,0.015,0,0.9,13.12
2023-11-01 17:57:00,22.22,59.77,0.0,248,0.105,0,0.9,13.12
2023-11-01 17:58:00,22.18,59.96,0.0,282,0.015,0,0.9,13.08
2023-11-01 17:59:00,22.14,60.0,0.0,282,0.0,0,0.0,13.12
2023-11-01 18:00:00,22.12,60.19,0.0,292,0.015,0,0.9,13.08
2023-11-01 18:01:00,22.1,60.33,0.0,329,0.3,0,1.8,13.08
2023-11-01 18:02:00,22.07,60.44,0.0,0,0.03,0,0.9,13.08
2023-11-01 18:03:00,22.04,60.52,0.0,4,0.015,0,0.9,13.08
2023-11-01 18:04:00,22.01,60.6,0.0,155,0.09,0,0.9,13.08
2023-11-01 18:05:00,22.01,60.83,0.0,21,0.24,0,0.9,13.08
2023-11-01 18:06:00,21.97,60.8,0.0,236,0.105,0,0.9,13.08
2023-11-01 18:07:00,21.94,60.85,0.0,213,0.015,0,0.9,13.08
2023-11-01 18:08:00,21.97,60.97,0.0,79,0.195,0,0.9,13.08
2023-11-01 18:09:00,21.95,60.96,0.0,139,0.255,0,0.9,13.08
2023-11-01 18:10:00,21.94,61.16,0.0,201,0.03,0,0.9,13.08
2023-11-01 18:11:00,21.92,61.13,0.0,201,0.0,0,0.0,13.08
2023-11-01 18:12:00,21.88,61.26,0.0,166,0.0,0,0.0,13.08
2023-11-01 18:13:00,21.87,61.37,0.0,164,0.015,0,0.9,13.08
2023-11-01 18:14:00,21.81,61.49,0.0,164,0.0,0,0.0,13.08
2023-11-01 18:15:00,21.76,61.67,0.0,164,0.0,0,0.0,13.08
2023-11-01 18:16:00,21.73,61.95,0.0,197,0.03,0,0.9,13.08
2023-11-01 18:17:00,21.69,61.97,0.0,197,0.0,0,0.0,13.08
2023-11-01 18:18:00,21.64,62.11,0.0,197,0.0,0,0.0,13.08
2023-11-01 18:19:00,21.59,62.28,0.0,197,0.0,0,0.0,13.08
2023-11-01 18:20:00,21.54,62.56,0.0,321,0.06,0,0.9,13.08
2023-11-01 18:21:00,21.56,62.78,0.0,331,0.015,0,0.9,13.08
2023-11-01 18:22:00,21.53,62.78,0.0,331,0.0,0,0.0,13.08
2023-11-01 18:23:00,21.5,62.78,0.0,331,0.0,0,0.0,13.08
2023-11-01 18:24:00,21.44,62.96,0.0,323,0.0,0,0.0,13.08
2023-11-01 18:25:00,21.46,63.14,0.0,317,0.0,0,0.0,13.08
2023-11-01 18:26:00,21.4,63.33,0.0,317,0.0,0,0.0,13.08
2023-11-01 18:27:00,21.34,63.45,0.0,317,0.0,0,0.0,13.08
2023-11-01 18:28:00,21.29,63.57,0.0,313,0.0,0,0.0,13.08
2023-11-01 18:29:00,21.27,63.67,0.0,313,0.0,0,0.0,13.08
2023-11-01 18:30:00,21.23,63.8,0.0,313,0.0,0,0.0,13.08
2023-11-01 18:31:00,21.19,63.94,0.0,313,0.0,0,0.0,13.08
2023-11-01 18:32:00,21.18,64.12,0.0,313,0.015,0,0.9,13.08
2023-11-01 18:33:00,21.15,64.19,0.0,313,0.0,0,0.0,13.08
2023-11-01 18:34:00,21.13,64.3,0.0,313,0.0,0,0.0,13.08
2023-11-01 18:35:00,21.08,64.45,0.0,310,0.0,0,0.0,13.08
2023-11-01 18:36:00,21.06,64.65,0.0,302,0.045,0,0.9,13.08
2023-11-01 18:37:00,21.05,64.77,0.0,302,0.0,0,0.0,13.08
2023-11-01 18:38:00,21.02,64.93,0.0,302,0.0,0,0.0,13.08
2023-11-01 18:39:00,21.01,65.05,0.0,301,0.015,0,0.9,13.08
2023-11-01 18:40:00,20.99,65.17,0.0,301,0.0,0,0.0,13.08
2023-11-01 18:41:00,20.96,65.32,0.0,301,0.0,0,0.0,13.04
2023-11-01 18:42:00,20.95,65.41,0.0,301,0.0,0,0.0,13.04
2023-11-01 18:43:00,20.92,65.52,0.0,285,0.03,0,0.9,13.08
2023-11-01 18:44:00,20.92,65.55,0.0,285,0.0,0,0.0,13.08
2023-11-01 18:45:00,20.89,65.7,0.0,285,0.0,0,0.0,13.08
2023-11-01 18:46:00,20.88,65.79,0.0,269,0.015,0,0.9,13.04
2023-11-01 18:47:00,20.86,65.93,0.0,255,0.0,0,0.0,13.08
2023-11-01 18:48:00,20.88,65.9,0.0,255,0.0,0,0.0,13.08
2023-11-01 18:49:00,20.86,65.95,0.0,255,0.0,0,0.0,13.08
2023-11-01 18:50:00,20.83,66.02,0.0,255,0.0,0,0.0,13.04
2023-11-01 18:51:00,20.81,66.19,0.0,256,0.015,0,0.9,13.04
2023-11-01 18:52:00,20.78,66.32,0.0,258,0.0,0,0.0,13.04
2023-11-01 18:53:00,20.78,66.43,0.0,251,0.015,0,0.9,13.04
2023-11-01 18:54:00,20.76,66.44,0.0,251,0.0,0,0.0,13.04
2023-11-01 18:55:00,20.74,66.43,0.0,251,0.0,0,0.0,13.04
2023-11-01 18:56:00,20.74,66.49,0.0,251,0.0,0,0.0,13.04
2023-11-01 18:57:00,20.7,66.62,0.0,251,0.0,0,0.0,13.04
2023-11-01 18:58:00,20.7,66.69,0.0,253,0.0,0,0.0,13.04
2023-11-01 18:59:00,20.67,66.7,0.0,253,0.0,0,0.0,13.04
2023-11-01 19:00:00,20.65,66.69,0.0,253,0.0,0,0.0,13.04
2023-11-01 19:01:00,20.64,66.68,0.0,253,0.0,0,0.0,13.04
2023-11-01 19:02:00,20.6,66.73,0.0,253,0.0,0,0.0,13.04
2023-11-01 19:03:00,20.58,67.06,0.0,253,0.0,0,0.0,13.04
2023-11-01 19:04:00,20.54,67.32,0.0,253,0.0,0,0.0,13.04
2023-11-01 19:05:00,20.5,67.38,0.0,253,0.0,0,0.0,13.04
2023-11-01 19:06:00,20.47,67.48,0.0,253,0.0,0,0.0,13.04
2023-11-01 19:07:00,20.44,67.59,0.0,253,0.0,0,0.0,13.04
2023-11-01 19:08:00,20.43,67.73,0.0,253,0.0,0,0.0,13.04
2023-11-01 19:09:00,20.4,67.8,0.0,253,0.0,0,0.0,13.04
2023-11-01 19:10:00,20.35,68.0,0.0,253,0.0,0,0.0,13.04
2023-11-01 19:11:00,20.34,68.09,0.0,253,0.0,0,0.0,13.04
2023-11-01 19:12:00,20.31,68.15,0.0,253,0.0,0,0.0,13.04
2023-11-01 19:13:00,20.33,68.14,0.0,158,0.015,0,0.9,13.04
2023-11-01 19:14:00,20.33,68.16,0.0,158,0.0,0,0.0,13.04
2023-11-01 19:15:00,20.3,68.07,0.0,192,0.015,0,0.9,13.04
2023-11-01 19:16:00,20.33,68.04,0.0,192,0.0,0,0.0,13.04
2023-11-01 19:17:00,20.31,68.06,0.0,191,0.0,0,0.0,13.04
2023-11-01 19:18:00,20.28,68.15,0.0,190,0.0,0,0.0,13.04
2023-11-01 19:19:00,20.25,68.21,0.0,190,0.015,0,0.9,13.04
2023-11-01 19:20:00,20.24,68.24,0.0,190,0.0,0,0.0,13.04
2023-11-01 19:21:00,20.23,68.36,0.0,189,0.015,0,0.9,13.04
2023-11-01 19:22:00,20.21,68.46,0.0,193,0.0,0,0.0,13.04
2023-11-01 19:23:00,20.17,68.49,0.0,189,0.0,0,0.0,13.04
2023-11-01 19:24:00,20.19,68.54,0.0,189,0.015,0,0.9,13.04
2023-11-01 19:25:00,20.16,68.53,0.0,189,0.0,0,0.0,13.04
2023-11-01 19:26:00,20.19,68.5,0.0,189,0.0,0,0.0,13.04
2023-11-01 19:27:00,20.16,68.74,0.0,189,0.0,0,0.0,13.04
2023-11-01 19:28:00,20.1,68.66,0.0,189,0.0,0,0.0,13.04
2023-11-01 19:29:00,20.1,68.68,0.0,189,0.0,0,0.0,13.04
2023-11-01 19:30:00,20.07,68.67,0.0,189,0.0,0,0.0,13.04
2023-11-01 19:31:00,20.07,68.75,0.0,189,0.0,0,0.0,13.04
2023-11-01 19:32:00,20.04,68.81,0.0,189,0.0,0,0.0,13.04
2023-11-01 19:33:00,20.0,68.95,0.0,189,0.0,0,0.0,13.04
2023-11-01 19:34:00,19.99,69.09,0.0,189,0.0,0,0.0,13.04
2023-11-01 19:35:00,19.94,69.24,0.0,189,0.0,0,0.0,13.04
2023-11-01 19:36:00,19.93,69.39,0.0,189,0.0,0,0.0,13.04
2023-11-01 19:37:00,19.89,69.52,0.0,189,0.0,0,0.0,13.04
2023-11-01 19:38:00,19.89,69.68,0.0,189,0.0,0,0.0,13.04
2023-11-01 19:39:00,19.83,70.02,0.0,189,0.0,0,0.0,13.04
2023-11-01 19:40:00,19.76,70.48,0.0,189,0.0,0,0.0,13.04
2023-11-01 19:41:00,19.69,70.64,0.0,189,0.0,0,0.0,13.04
2023-11-01 19:42:00,19.66,70.79,0.0,189,0.0,0,0.0,13.04
2023-11-01 19:43:00,19.59,71.08,0.0,189,0.0,0,0.0,13.04
2023-11-01 19:44:00,19.53,71.46,0.0,189,0.0,0,0.0,13.04
2023-11-01 19:45:00,19.48,71.6,0.0,189,0.0,0,0.0,13.04
2023-11-01 19:46:00,19.42,71.83,0.0,189,0.0,0,0.0,13.04
2023-11-01 19:47:00,19.37,72.06,0.0,189,0.0,0,0.0,13.04
2023-11-01 19:48:00,19.3,72.3,0.0,189,0.0,0,0.0,13.04
2023-11-01 19:49:00,19.26,72.24,0.0,189,0.0,0,0.0,13.04
2023-11-01 19:50:00,19.22,72.3,0.0,189,0.0,0,0.0,13.04
2023-11-01 19:51:00,19.24,72.07,0.0,189,0.0,0,0.0,13.04
2023-11-01 19:52:00,19.22,71.91,0.0,189,0.0,0,0.0,13.04
2023-11-01 19:53:00,19.24,71.65,0.0,240,0.015,0,0.9,13.04
2023-11-01 19:54:00,19.34,71.59,0.0,277,0.03,0,0.9,13.04
2023-11-01 19:55:00,19.34,72.3,0.0,277,0.0,0,0.0,13.04
2023-11-01 19:56:00,19.26,72.32,0.0,277,0.0,0,0.0,13.04
2023-11-01 19:57:00,19.25,72.13,0.0,277,0.0,0,0.0,13.04
2023-11-01 19:58:00,19.21,71.89,0.0,277,0.0,0,0.0,13.04
2023-11-01 19:59:00,19.19,71.95,0.0,277,0.0,0,0.0,13.04
2023-11-01 20:00:00,19.18,72.85,0.0,277,0.0,0,0.0,13.04
2023-11-01 20:01:00,19.11,72.34,0.0,277,0.0,0,0.0,13.04
2023-11-01 20:02:00,19.1,72.66,0.0,277,0.0,0,0.0,13.04
2023-11-01 20:03:00,19.05,73.09,0.0,277,0.0,0,0.0,13.04
2023-11-01 20:04:00,19.0,73.41,0.0,277,0.0,0,0.0,13.04
2023-11-01 20:05:00,19.0,72.83,0.0,277,0.0,0,0.0,13.04
2023-11-01 20:06:00,18.95,73.05,0.0,327,0.045,0,0.9,13.04
2023-11-01 20:07:00,18.93,73.14,0.0,327,0.0,0,0.0,13.04
2023-11-01 20:08:00,18.94,73.13,0.0,327,0.0,0,0.0,13.04
2023-11-01 20:09:00,18.9,72.93,0.0,327,0.0,0,0.0,13.04
2023-11-01 20:10:00,18.91,73.02,0.0,327,0.0,0,0.0,13.04
2023-11-01 20:11:00,18.9,73.25,0.0,327,0.0,0,0.0,13.04
2023-11-01 20:12:00,18.84,73.39,0.0,327,0.0,0,0.0,13.04
2023-11-01 20:13:00,18.81,74.4,0.0,327,0.015,0,0.9,13.04
2023-11-01 20:14:00,18.7,74.6,0.0,327,0.0,0,0.0,13.04
2023-11-01 20:15:00,18.64,74.96,0.0,327,0.0,0,0.0,13.04
2023-11-01 20:16:00,18.54,75.31,0.0,327,0.0,0,0.0,13.04
2023-11-01 20:17:00,18.44,75.58,0.0,327,0.0,0,0.0,13.04
2023-11-01 20:18:00,18.39,75.89,0.0,327,0.0,0,0.0,13.04
2023-11-01 20:19:00,18.31,75.85,0.0,327,0.0,0,0.0,13.04
2023-11-01 20:20:00,18.28,75.86,0.0,327,0.0,0,0.0,13.04
2023-11-01 20:21:00,18.26,75.9,0.0,328,0.015,0,0.9,13.04
2023-11-01 20:22:00,18.22,76.08,0.0,328,0.0,0,0.0,13.04
2023-11-01 20:23:00,18.21,76.05,0.0,328,0.0,0,0.0,13.04
2023-11-01 20:24:00,18.15,76.09,0.0,328,0.0,0,0.0,13.04
2023-11-01 20:25:00,18.16,76.25,0.0,328,0.0,0,0.0,13.04
2023-11-01 20:26:00,18.13,76.08,0.0,329,0.0,0,0.0,13.04
2023-11-01 20:27:00,18.15,76.31,0.0,329,0.015,0,0.9,13.04
2023-11-01 20:28:00,18.12,76.42,0.0,329,0.0,0,0.0,13.04
2023-11-01 20:29:00,18.09,76.42,0.0,329,0.0,0,0.0,13.04
2023-11-01 20:30:00,18.08,76.39,0.0,329,0.0,0,0.0,13.04
2023-11-01 20:31:00,18.05,76.44,0.0,329,0.0,0,0.0,13.04
2023-11-01 20:32:00,18.05,76.48,0.0,331,0.0,0,0.0,13.04
2023-11-01 20:33:00,18.04,76.43,0.0,331,0.0,0,0.0,13.04
2023-11-01 20:34:00,18.08,76.46,0.0,331,0.0,0,0.0,13.04
2023-11-01 20:35:00,18.05,76.83,0.0,331,0.0,0,0.0,13.04
2023-11-01 20:36:00,18.04,76.66,0.0,331,0.0,0,0.0,13.04
2023-11-01 20:37:00,18.0,76.86,0.0,331,0.0,0,0.0,13.04
2023-11-01 20:38:00,18.0,77.12,0.0,331,0.0,0,0.0,13.04
2023-11-01 20:39:00,17.98,76.98,0.0,331,0.0,0,0.0,13.04
2023-11-01 20:40:00,17.95,76.95,0.0,331,0.0,0,0.0,13.04
2023-11-01 20:41:00,17.95,77.39,0.0,331,0.0,0,0.0,13.04
2023-11-01 20:42:00,17.91,77.27,0.0,331,0.0,0,0.0,13.04
2023-11-01 20:43:00,17.91,77.2,0.0,331,0.0,0,0.0,13.04
2023-11-01 20:44:00,17.91,77.19,0.0,331,0.015,0,0.9,13.04
2023-11-01 20:45:00,17.91,77.19,0.0,331,0.0,0,0.0,13.04
2023-11-01 20:46:00,17.94,77.51,0.0,331,0.0,0,0.0,13.04
2023-11-01 20:47:00,17.88,77.64,0.0,331,0.0,0,0.0,13.04
2023-11-01 20:48:00,17.85,77.33,0.0,331,0.0,0,0.0,13.04
2023-11-01 20:49:00,17.85,77.4,0.0,331,0.0,0,0.0,13.04
2023-11-01 20:50:00,17.85,77.33,0.0,331,0.0,0,0.0,13.04
2023-11-01 20:51:00,17.86,77.29,0.0,331,0.0,0,0.0,13.04
2023-11-01 20:52:00,17.84,77.42,0.0,331,0.0,0,0.0,13.04
2023-11-01 20:53:00,17.82,77.56,0.0,331,0.0,0,0.0,13.04
2023-11-01 20:54:00,17.8,76.78,0.0,315,0.0,0,0.0,13.04
2023-11-01 20:55:00,17.84,76.53,0.0,316,0.0,0,0.0,13.04
2023-11-01 20:56:00,17.91,76.2,0.0,316,0.03,0,0.9,13.04
2023-11-01 20:57:00,17.97,75.97,0.0,316,0.0,0,0.0,13.04
2023-11-01 20:58:00,18.02,75.66,0.0,316,0.03,0,0.9,13.04
2023-11-01 20:59:00,18.16,75.11,0.0,194,0.03,0,0.9,13.04
2023-11-01 21:00:00,18.23,74.57,0.0,317,0.09,0,0.9,13.04
2023-11-01 21:01:00,18.36,74.09,0.0,250,0.24,0,0.9,13.04
2023-11-01 21:02:00,18.49,73.63,0.0,34,0.15,0,0.9,13.04
2023-11-01 21:03:00,18.59,73.28,0.0,28,0.15,0,0.9,13.04
2023-11-01 21:04:00,18.69,72.92,0.0,74,0.285,0,0.9,13.04
2023-11-01 21:05:00,18.76,72.6,0.0,346,0.15,0,0.9,13.04
2023-11-01 21:06:00,18.87,72.28,0.0,0,0.195,0,0.9,13.04
2023-11-01 21:07:00,18.91,72.05,0.0,322,0.165,0,0.9,13.04
2023-11-01 21:08:00,18.97,71.83,0.0,202,0.225,0,0.9,13.04
2023-11-01 21:09:00,18.98,71.71,0.0,249,0.03,0,0.9,13.04
2023-11-01 21:10:00,19.05,71.64,0.0,253,0.525,0,1.8,13.04
2023-11-01 21:11:00,19.1,71.51,0.0,19,0.36,0,1.8,13.04
2023-11-01 21:12:00,19.12,71.37,0.0,306,0.39,0,0.9,13.04
2023-11-01 21:13:00,19.17,71.29,0.0,266,0.315,0,0.9,13.04
2023-11-01 21:14:00,19.17,71.24,0.0,157,0.48,0,0.9,13.04
2023-11-01 21:15:00,19.19,71.2,0.0,149,0.135,0,0.9,13.04
2023-11-01 21:16:00,19.22,71.13,0.0,143,0.495,0,1.8,13.04
2023-11-01 21:17:00,19.24,71.1,0.0,130,0.09,0,0.9,13.04
2023-11-01 21:18:00,19.24,71.1,0.0,118,0.03,0,0.9,13.04
2023-11-01 21:19:00,19.22,71.05,0.0,204,0.09,0,0.9,13.04
2023-11-01 21:20:00,19.25,71.02,0.0,257,0.45,0,0.9,13.04
2023-11-01 21:21:00,19.25,71.01,0.0,257,0.045,0,0.9,13.04
2023-11-01 21:22:00,19.25,71.11,0.0,35,0.36,0,0.9,13.04
2023-11-01 21:23:00,19.25,71.19,0.0,35,0.0,0,0.0,13.04
2023-11-01 21:24:00,19.21,71.2,0.0,34,0.0,0,0.0,13.04
2023-11-01 21:25:00,19.19,71.4,0.0,34,0.0,0,0.0,13.04
2023-11-01 21:26:00,19.14,71.47,0.0,39,0.0,0,0.0,13.04
2023-11-01 21:27:00,19.11,71.66,0.0,58,0.03,0,0.9,13.04
2023-11-01 21:28:00,19.07,71.82,0.0,281,0.375,0,1.8,13.04
2023-11-01 21:29:00,19.07,71.83,0.0,286,0.27,0,0.9,13.04
2023-11-01 21:30:00,19.04,71.94,0.0,147,0.24,0,0.9,13.04
2023-11-01 21:31:00,19.04,72.02,0.0,230,0.195,0,0.9,13.04
2023-11-01 21:32:00,19.01,72.08,0.0,124,0.075,0,0.9,13.04
2023-11-01 21:33:00,19.04,72.11,0.0,100,0.375,0,1.8,13.04
2023-11-01 21:34:00,19.01,72.07,0.0,23,0.345,0,0.9,13.04
2023-11-01 21:35:00,19.07,72.1,0.0,329,0.3,0,0.9,13.04
2023-11-01 21:36:00,19.07,72.01,0.0,14,0.345,0,0.9,13.04
2023-11-01 21:37:00,19.08,71.95,0.0,338,0.345,0,0.9,13.04
2023-11-01 21:38:00,19.12,71.88,0.0,0,0.135,0,0.9,13.04
2023-11-01 21:39:00,19.1,71.84,0.0,93,0.3,0,0.9,13.04
2023-11-01 21:40:00,19.1,71.79,0.0,0,0.18,0,0.9,13.04
2023-11-01 21:41:00,19.12,71.77,0.0,5,0.255,0,0.9,13.04
2023-11-01 21:42:00,19.14,71.7,0.0,21,0.42,0,0.9,13.04
2023-11-01 21:43:00,19.15,71.66,0.0,266,0.225,0,0.9,13.04
2023-11-01 21:44:00,19.17,71.61,0.0,197,0.3,0,0.9,13.04
2023-11-01 21:45:00,19.14,71.58,0.0,278,0.105,0,0.9,13.04
2023-11-01 21:46:00,19.14,71.68,0.0,241,0.195,0,0.9,13.04
2023-11-01 21:47:00,19.14,71.62,0.0,108,0.0,0,0.0,13.04
2023-11-01 21:48:00,19.12,71.74,0.0,128,0.345,0,0.9,13.04
2023-11-01 21:49:00,19.11,71.76,0.0,111,0.12,0,0.9,13.04
2023-11-01 21:50:00,19.11,71.83,0.0,108,0.045,0,0.9,13.04
2023-11-01 21:51:00,19.1,71.78,0.0,32,0.24,0,0.9,13.04
2023-11-01 21:52:00,19.12,71.78,0.0,357,0.24,0,0.9,13.04
2023-11-01 21:53:00,19.14,71.77,0.0,313,0.045,0,0.9,13.04
2023-11-01 21:54:00,19.12,71.71,0.0,285,0.18,0,0.9,13.04
2023-11-01 21:55:00,19.14,71.72,0.0,285,0.075,0,0.9,13.04
2023-11-01 21:56:00,19.15,71.71,0.0,273,0.06,0,0.9,13.04
2023-11-01 21:57:00,19.14,71.72,0.0,273,0.045,0,0.9,13.04
2023-11-01 21:58:00,19.17,71.72,0.0,285,0.255,0,0.9,13.04
2023-11-01 21:59:00,19.18,71.64,0.0,285,0.165,0,0.9,13.04
2023-11-01 22:00:00,19.15,71.61,0.0,267,0.075,0,0.9,13.04
2023-11-01 22:01:00,19.19,71.55,0.0,334,0.06,0,0.9,13.01
2023-11-01 22:02:00,19.17,71.56,0.0,293,0.0,0,0.0,13.04
2023-11-01 22:03:00,19.18,71.57,0.0,293,0.0,0,0.0,13.01
2023-11-01 22:04:00,19.19,71.58,0.0,293,0.0,0,0.0,13.04
2023-11-01 22:05:00,19.12,71.63,0.0,293,0.015,0,0.9,13.04
2023-11-01 22:06:00,19.15,71.66,0.0,293,0.0,0,0.0,13.01
2023-11-01 22:07:00,19.15,71.69,0.0,293,0.0,0,0.0,13.04
2023-11-01 22:08:00,19.14,71.66,0.0,293,0.0,0,0.0,13.01
2023-11-01 22:09:00,19.14,71.71,0.0,293,0.015,0,0.9,13.01
2023-11-01 22:10:00,19.12,71.85,0.0,293,0.0,0,0.0,13.04
2023-11-01 22:11:00,19.1,71.94,0.0,293,0.0,0,0.0,13.01
2023-11-01 22:12:00,19.04,71.99,0.0,293,0.0,0,0.0,13.01
2023-11-01 22:13:00,19.05,72.12,0.0,293,0.0,0,0.0,13.01
2023-11-01 22:14:00,19.03,72.23,0.0,293,0.0,0,0.0,13.01
2023-11-01 22:15:00,19.04,72.3,0.0,293,0.0,0,0.0,13.01
2023-11-01 22:16:00,19.03,72.39,0.0,299,0.0,0,0.0,13.04
2023-11-01 22:17:00,18.97,72.48,0.0,284,0.0,0,0.0,13.01
2023-11-01 22:18:00,18.95,72.56,0.0,284,0.0,0,0.0,13.01
2023-11-01 22:19:00,18.94,72.71,0.0,284,0.0,0,0.0,13.01
2023-11-01 22:20:00,18.95,72.67,0.0,284,0.0,0,0.0,13.01
2023-11-01 22:21:00,18.93,72.77,0.0,284,0.015,0,0.9,12.97
2023-11-01 22:22:00,18.88,72.87,0.0,284,0.0,0,0.0,12.97
2023-11-01 22:23:00,18.87,72.92,0.0,284,0.0,0,0.0,13.01
2023-11-01 22:24:00,18.81,73.09,0.0,284,0.0,0,0.0,13.01
2023-11-01 22:25:00,18.8,73.3,0.0,284,0.0,0,0.0,13.01
2023-11-01 22:26:00,18.72,73.48,0.0,284,0.0,0,0.0,13.01
2023-11-01 22:27:00,18.7,73.73,0.0,284,0.0,0,0.0,13.01
2023-11-01 22:28:00,18.64,73.84,0.0,284,0.0,0,0.0,12.97
2023-11-01 22:29:00,18.63,73.96,0.0,284,0.0,0,0.0,12.97
2023-11-01 22:30:00,18.59,74.06,0.0,284,0.0,0,0.0,12.97
2023-11-01 22:31:00,18.62,74.21,0.0,284,0.0,0,0.0,12.97
2023-11-01 22:32:00,18.59,74.3,0.0,283,0.0,0,0.0,12.97
2023-11-01 22:33:00,18.57,74.41,0.0,359,0.03,0,0.9,12.97
2023-11-01 22:34:00,18.6,74.42,0.0,359,0.015,0,0.9,12.97
2023-11-01 22:35:00,18.59,74.36,0.0,359,0.0,0,0.0,13.01
2023-11-01 22:36:00,18.6,74.44,0.0,359,0.015,0,0.9,13.01
2023-11-01 22:37:00,18.6,74.4,0.0,359,0.0,0,0.0,12.97
2023-11-01 22:38:00,18.62,74.36,0.0,359,0.0,0,0.0,12.97
2023-11-01 22:39:00,18.62,74.37,0.0,0,0.0,0,0.0,12.97
2023-11-01 22:40:00,18.6,74.5,0.0,0,0.0,0,0.0,12.97
2023-11-01 22:41:00,18.57,74.62,0.0,0,0.015,0,0.9,12.97
2023-11-01 22:42:00,18.59,74.66,0.0,0,0.0,0,0.0,12.97
2023-11-01 22:43:00,18.62,74.76,0.0,91,0.06,0,0.9,12.97
2023-11-01 22:44:00,18.62,74.72,0.0,91,0.015,0,0.9,12.97
2023-11-01 22:45:00,18.63,74.71,0.0,91,0.0,0,0.0,12.97
2023-11-01 22:46:00,18.62,74.67,0.0,91,0.0,0,0.0,12.97
2023-11-01 22:47:00,18.64,74.66,0.0,91,0.0,0,0.0,12.97
2023-11-01 22:48:00,18.63,74.73,0.0,135,0.015,0,0.9,12.97
2023-11-01 22:49:00,18.62,74.86,0.0,172,0.03,0,0.9,12.97
2023-11-01 22:50:00,18.62,74.82,0.0,172,0.0,0,0.0,12.97
2023-11-01 22:51:00,18.64,74.87,0.0,152,0.015,0,0.9,12.97
2023-11-01 22:52:00,18.66,74.94,0.0,294,0.195,0,0.9,12.97
2023-11-01 22:53:00,18.67,74.87,0.0,296,0.045,0,0.9,12.97
2023-11-01 22:54:00,18.66,74.82,0.0,296,0.0,0,0.0,12.97
2023-11-01 22:55:00,18.66,74.76,0.0,296,0.015,0,0.9,12.97
2023-11-01 22:56:00,18.64,74.92,0.0,295,0.015,0,0.9,12.97
2023-11-01 22:57:00,18.6,75.03,0.0,295,0.0,0,0.0,12.97
2023-11-01 22:58:00,18.57,75.14,0.0,295,0.0,0,0.0,12.97
2023-11-01 22:59:00,18.57,75.3,0.0,300,0.03,0,0.9,12.97
2023-11-01 23:00:00,18.53,75.45,0.0,255,0.045,0,0.9,12.97
2023-11-01 23:01:00,18.5,75.61,0.0,255,0.03,0,0.9,12.97
2023-11-01 23:02:00,18.43,75.64,0.0,255,0.0,0,0.0,12.97
2023-11-01 23:03:00,18.37,75.81,0.0,255,0.0,0,0.0,12.93
2023-11-01 23:04:00,18.31,75.98,0.0,255,0.0,0,0.0,12.97
2023-11-01 23:05:00,18.29,76.15,0.0,255,0.0,0,0.0,12.97
2023-11-01 23:06:00,18.25,76.33,0.0,255,0.0,0,0.0,12.97
2023-11-01 23:07:00,18.19,76.57,0.0,255,0.0,0,0.0,12.97
2023-11-01 23:08:00,18.16,76.67,0.0,255,0.0,0,0.0,12.97
2023-11-01 23:09:00,18.12,76.79,0.0,255,0.0,0,0.0,12.97
2023-11-01 23:10:00,18.09,77.08,0.0,255,0.0,0,0.0,12.97
2023-11-01 23:11:00,18.07,77.1,0.0,255,0.0,0,0.0,12.93
2023-11-01 23:12:00,18.0,77.18,0.0,255,0.0,0,0.0,12.97
2023-11-01 23:13:00,17.98,77.62,0.0,240,0.015,0,0.9,12.97
2023-11-01 23:14:00,17.95,77.76,0.0,240,0.0,0,0.0,12.93
2023-11-01 23:15:00,17.97,77.76,0.0,240,0.0,0,0.0,12.97
2023-11-01 23:16:00,17.97,77.68,0.0,240,0.0,0,0.0,12.97
2023-11-01 23:17:00,17.95,77.52,0.0,240,0.0,0,0.0,12.97
2023-11-01 23:18:00,17.91,77.9,0.0,240,0.0,0,0.0,12.97
2023-11-01 23:19:00,17.85,78.07,0.0,240,0.0,0,0.0,12.97
2023-11-01 23:20:00,17.86,78.13,0.0,240,0.0,0,0.0,12.93
2023-11-01 23:21:00,17.85,78.15,0.0,240,0.0,0,0.0,12.93
2023-11-01 23:22:00,17.84,78.06,0.0,240,0.0,0,0.0,12.93
2023-11-01 23:23:00,17.82,78.31,0.0,240,0.0,0,0.0,12.93
2023-11-01 23:24:00,17.78,78.46,0.0,240,0.0,0,0.0,12.93
2023-11-01 23:25:00,17.82,78.47,0.0,240,0.0,0,0.0,12.93
2023-11-01 23:26:00,17.81,78.65,0.0,252,0.015,0,0.9,12.93
2023-11-01 23:27:00,17.84,78.69,0.0,252,0.0,0,0.0,12.93
2023-11-01 23:28:00,17.84,78.56,0.0,215,0.015,0,0.9,12.93
2023-11-01 23:29:00,17.84,78.21,0.0,215,0.0,0,0.0,12.93
2023-11-01 23:30:00,17.8,78.56,0.0,215,0.0,0,0.0,12.93
2023-11-01 23:31:00,17.78,78.9,0.0,215,0.0,0,0.0,12.93
2023-11-01 23:32:00,17.74,79.04,0.0,215,0.0,0,0.0,12.93
2023-11-01 23:33:00,17.71,79.3,0.0,216,0.015,0,0.9,12.93
2023-11-01 23:34:00,17.71,79.32,0.0,231,0.015,0,0.9,12.93
2023-11-01 23:35:00,17.71,79.4,0.0,241,0.015,0,0.9,12.93
2023-11-01 23:36:00,17.71,79.32,0.0,241,0.0,0,0.0,12.93
2023-11-01 23:37:00,17.67,79.45,0.0,203,0.015,0,0.9,12.93
2023-11-01 23:38:00,17.67,79.44,0.0,199,0.0,0,0.0,12.93
2023-11-01 23:39:00,17.67,79.39,0.0,200,0.0,0,0.0,12.93
2023-11-01 23:40:00,17.65,79.44,0.0,200,0.0,0,0.0,12.93
2023-11-01 23:41:00,17.63,79.06,0.0,200,0.0,0,0.0,12.93
2023-11-01 23:42:00,17.57,79.2,0.0,200,0.0,0,0.0,12.93
2023-11-01 23:43:00,17.51,79.9,0.0,200,0.0,0,0.0,12.93
2023-11-01 23:44:00,17.47,80.16,0.0,200,0.0,0,0.0,12.93
2023-11-01 23:45:00,17.49,80.28,0.0,200,0.0,0,0.0,12.93
2023-11-01 23:46:00,17.49,79.81,0.0,200,0.0,0,0.0,12.93
2023-11-01 23:47:00,17.44,79.86,0.0,200,0.0,0,0.0,12.93
2023-11-01 23:48:00,17.4,79.95,0.0,200,0.0,0,0.0,12.93
2023-11-01 23:49:00,17.29,80.16,0.0,200,0.0,0,0.0,12.93
2023-11-01 23:50:00,17.26,80.63,0.0,200,0.0,0,0.0,12.93
2023-11-01 23:51:00,17.17,80.69,0.0,200,0.0,0,0.0,12.93
2023-11-01 23:52:00,17.16,81.41,0.0,200,0.0,0,0.0,12.93
2023-11-01 23:53:00,17.14,81.7,0.0,200,0.0,0,0.0,12.93
2023-11-01 23:54:00,17.16,81.67,0.0,200,0.0,0,0.0,12.93
2023-11-01 23:55:00,17.19,81.67,0.0,200,0.0,0,0.0,12.93
2023-11-01 23:56:00,17.16,81.57,0.0,200,0.0,0,0.0,12.93
2023-11-01 23:57:00,17.16,81.79,0.0,200,0.0,0,0.0,12.93
2023-11-01 23:58:00,17.16,81.77,0.0,200,0.0,0,0.0,12.93
2023-11-01 23:59:00,17.16,81.8,0.0,200,0.0,0,0.0,12.93
